 code lot_size stock_name
0 US.AAAP 1 "ADVANCED ACCELERATOR APPLICATIONS S.A."
1 US.AAL 1 美国航空
2 US.AAME 1 美国大西洋
3 US.AAOI 1 "Applied Optoelectronics, Inc."
4 US.AAON 1 艾伦建材
5 US.AAPC 1 "ATLANTIC ALLIANCE PARTNERSHIP CORP COM NPV"
6 US.AAPL 1 苹果
7 US.AAWW 1 阿特拉斯航空全球控股公司
8 US.ABAC 1 奥信天力
9 US.ABAX 1 爱贝斯公司
10 US.ABCB 1 ABC银行
11 US.ABCD 1 新生
12 US.ABEO 1 "Abeona Therapeutics, Inc."
13 US.ABIL 1 "Ability, Inc."
14 US.ABIO 1 方舟生物医药
15 US.ABMD 1 阿比奥梅德
16 US.ABTL 1 "Autobytel Inc"
17 US.ABTX 1 "ALLEGIANCE BANCSHARES, INC"
18 US.ABUS 1 "Arbutus Biopharma Corp."
19 US.ABY 1 "Atlantica Yield Plc"
20 US.ACAD 1 阿卡迪亚
21 US.ACAS 1 "美国资本有限公司 (已退市)"
22 US.ACBI 1 "Atlantic Capital Bancshares, Inc."
23 US.ACET 1 艾切托
24 US.ACFC 1 "Atlantic Coast Financial Corp."
25 US.ACGL 1 艾奇资本
26 US.ACHC 1 阿卡迪亚医疗保健公司
27 US.ACHN 1 爱克莱恩
28 US.ACIA 1 "Acacia Communications"
29 US.ACIU 1 "AC Immune SA"
30 US.ACIW 1 ACI环球
31 US.ACLS 1 Axcelis科技设计公司
32 US.ACNB 1 "ACNB Corp."
33 US.ACOR 1 阿索尔达生物制药公司
34 US.ACRS 1 "ACLARIS THERAPEUTICS, INC."
35 US.ACRX 1 "AcelRx Pharmaceuticals, Inc."
36 US.ACSF 1 "American Capital Senior Floating Ltd."
37 US.ACST 1 "Acasti Pharma, Inc."
38 US.ACTA 1 "Actua Corp."
39 US.ACTG 1 阿卡西亚
40 US.ACUR 1 讴歌制药公司
41 US.ACXM 1 阿克西鄂姆
42 US.ADAP 1 "ADAPTIMMUNE THERAPEUTICS PLC"
43 US.ADBE 1 Adobe
44 US.ADES 1 "Advanced Emissions Solutions, Inc."
45 US.ADHD 1 "Alcobra Ltd."
46 US.ADI 1 亚德诺
47 US.ADMA 1 "ADMA Biologics, Inc."
48 US.ADMP 1 "Adamis Pharmaceuticals Corp."
49 US.ADMS 1 "Adamas Pharmaceuticals, Inc."
50 US.ADP 1 自动数据处理公司
51 US.ADRO 1 "ADURO BIOTECH, INC."
52 US.ADSK 1 欧特克
53 US.ADTN 1 亚川
54 US.ADUS 1 爱德斯
55 US.ADVM 1 "Adverum Biotechnologies Inc"
56 US.ADXS 1 "Advaxis, Inc."
57 US.AEGN 1 "Aegion Corp."
58 US.AEHR 1 "Aehr Test Systems"
59 US.AEIS 1 先进能源工业公司
60 US.AEMD 1 "Aethlon Medical, Inc."
61 US.AEPI 1 AEP工业公司
62 US.AERI 1 "Aerie Pharmaceuticals, Inc."
63 US.AETI 1 美国电力技术
64 US.AEY 1 "ADDvantage Technologies Group, Inc."
65 US.AEZS 1 依特钠
66 US.AFAM 1 阿莫斯特家庭保健
67 US.AFH 1 "Atlas Financial Holdings, Inc."
68 US.AFMD 1 "Affimed Therapeutics B.V."
69 US.AFSI 1 AFSI保险
70 US.AGEN 1 艾吉纳斯公司
71 US.AGFS 1 "AgroFresh Solutions, Inc."
72 US.AGII 1 阿尔戈国际控股集团有限公司
73 US.AGIO 1 "Agios Pharmaceuticals, Inc."
74 US.AGLE 1 "AEGLEA BIOTHERAPEUTICS, INC."
75 US.AGNC 1 美国资本代理公司
76 US.AGRX 1 "Agile Therapeutics"
77 US.AGTC 1 "Applied Genetic Technologies Corp."
78 US.AGYS 1 诶吉利斯公司
79 US.AHGP 1 阿莱恩斯控股
80 US.AHPI 1 联合保健产品
81 US.AIMC 1 奥创控股公司
82 US.AIMT 1 "AIMMUNE THERAPEUTICS, INC."
83 US.AIRG 1 "Airgain, Inc."
84 US.AIRT 1 "Air T, Inc."
85 US.AKAM 1 阿克迈
86 US.AKAO 1 "Achaogen, Inc."
87 US.AKBA 1 "Akebia Therapeutics, Inc."
88 US.AKER 1 "Akers Biosciences, Inc."
89 US.AKRX 1 爱克龙药业
90 US.AKTX 1 "Akari Therapeutics Plc"
91 US.ALBO 1 "Albireo Pharma, Inc."
92 US.ALCO 1 阿利科公司
93 US.ALDR 1 "Alder BioPharmaceuticals"
94 US.ALDX 1 "Aldeyra Therapeutics, Inc."
95 US.ALGN 1 艾利科技
96 US.ALGT 1 忠诚旅游公司
97 US.ALIM 1 "Alimera Sciences"
98 US.ALJJ 1 "ALJ Regional Holdings, Inc."
99 US.ALKS 1 阿尔凯默斯
100 US.ALLT 1 艾奥特通讯
101 US.ALNY 1 阿里拉姆制药
102 US.ALOG 1 安络杰公司
103 US.ALOT 1 "AstroNova, Inc."
104 US.ALQA 1 "Alliqua BioMedical, Inc."
105 US.ALRM 1 "ALARM.COM HOLDINGS, INC."
106 US.ALSK 1 阿拉斯加通信系统
107 US.ALXN 1 亚力兄制药
108 US.AMAG 1 AMAG制药公司
109 US.AMAT 1 应用材料
110 US.AMBA 1 安霸
111 US.AMBC 1 "Ambac Financial Group, Inc."
112 US.AMCC 1 应用微电路公司
113 US.AMCN 1 航美传媒
114 US.AMCX 1 AMC网络公司
115 US.AMD 1 美国超微公司
116 US.AMDA 1 "Amedica Corp."
117 US.AMED 1 阿米斯医疗
118 US.AMGN 1 安进
119 US.AMKR 1 艾马克技术公司
120 US.AMMA 1 "Alliance MMA, Inc."
121 US.AMNB 1 美国国家银行股份公司
122 US.AMOT 1 "Allied Motion科技"
123 US.AMPH 1 "Amphastar Pharmaceuticals"
124 US.AMRB 1 里弗银行
125 US.AMRK 1 "A-Mark Precious Metals, Inc."
126 US.AMRN 1 阿玛琳
127 US.AMRS 1 阿米瑞斯公司
128 US.AMSC 1 美国超导
129 US.AMSF 1 "Amerisafe Inc"
130 US.AMSWA 1 美国软件
131 US.AMTD 1 亚美利交易
132 US.AMTX 1 "Aemetis, Inc."
133 US.AMWD 1 美国伍德马克
134 US.AMZN 1 亚马逊
135 US.ANAT 1 美国国家保险
136 US.ANCB 1 "Anchor Bancorp (Washington)"
137 US.ANCX 1 艾克塞斯国家银行控股公司
138 US.ANDA 1 "Andina Acquisition Corp. II"
139 US.ANDE 1 安德森斯有限公司
140 US.ANGI 1 安吉斯里斯特公司
141 US.ANGO 1 阿吉奥动态有限公司
142 US.ANIK 1 阿尼卡疗法有限公司
143 US.ANIP 1 "ANI Pharmaceuticals, Inc."
144 US.ANSS 1 安西斯
145 US.ANTH 1 Anthera制药
146 US.ANY 1 "Sphere 3D Corp."
147 US.AOSL 1 阿尔法和欧米伽半导体有限公司
148 US.APDN 1 "Applied DNA Sciences, Inc."
149 US.APEI 1 美国公共教育公司
150 US.APLP 1 "Archrock Partners LP"
151 US.APOG 1 远地点企业公司
152 US.APOP 1 "Cellect Biotechnology Ltd. American Depositary Shares"
153 US.APPF 1 "APPFOLIO INC"
154 US.APPS 1 "Digital Turbine, Inc."
155 US.APRI 1 "Apricus Biosciences, Inc."
156 US.APTI 1 Apptio
157 US.APTO 1 "Aptose Biosciences, Inc."
158 US.APVO 1 "Aptevo Therapeutics Inc"
159 US.APWC 1 亚太电线电缆股份有限公司
160 US.AQMS 1 "AQUA METALS, INC."
161 US.AQXP 1 "Aquinox Pharmaceuticals, Inc."
162 US.ARAY 1 精确射线股份有限公司
163 US.ARCB 1 "ArcBest Corp."
164 US.ARCI 1 "Appliance Recycling Centers of America, Inc. (Minnesota)"
165 US.ARCW 1 阿尔克科技
166 US.ARDM 1 "Aradigm Corp."
167 US.ARDX 1 Ardelyx
168 US.AREX 1 Approach资源
169 US.ARGS 1 "Argos Therapeutics"
170 US.ARII 1 美国轨道车工业有限公司
171 US.ARKR 1 "Ark Restaurants Corp."
172 US.ARLP 1 "Alliance Resource Partners LP"
173 US.ARLZ 1 "Aralez Pharmaceuticals Inc"
174 US.ARNA 1 阿里那制药公司
175 US.AROW 1 箭牌金融公司
176 US.ARQL 1 "ArQule, Inc."
177 US.ARRS 1 艾利斯
178 US.ARRY 1 Array生物制药
179 US.ARTNA 1 自流资源公司
180 US.ARTW 1 自流资源
181 US.ARTX 1 阿罗特克
182 US.ARWA 1 "Arowana Inc. Ordinary Shares (已退市)"
183 US.ARWR 1 "Arrowhead Pharmaceuticals Inc"
184 US.ASBB 1 "ASB Bancorp"
185 US.ASCMA 1 ASCENT资本集团
186 US.ASFI 1 阿斯塔资金公司
187 US.ASMB 1 "Assembly Biosciences, Inc."
188 US.ASML 1 阿斯麦
189 US.ASNA 1 Ascena零售集团有限公司
190 US.ASND 1 "Ascendis Pharma A/S"
191 US.ASPS 1 "Altisource Portfolio Solutions SA"
192 US.ASRV 1 "AmeriServ Financial, Inc."
193 US.ASTC 1 "Astrotech Corp."
194 US.ASTE 1 Astec实业
195 US.ASUR 1 "Asure Software, Inc."
196 US.ASYS 1 "Amtech Systems"
197 US.ATAI 1 ATA公司
198 US.ATAX 1 "America First Multifamily Investors LP"
199 US.ATEC 1 ALPHATEC控股公司
200 US.ATHN 1 雅典娜
201 US.ATHX 1 "Athersys, Inc."
202 US.ATLC 1 "Atlanticus Holdings Corp."
203 US.ATLO 1 艾姆斯银行控股
204 US.ATNI 1 "ATN International, Inc."
205 US.ATOM 1 "Atomera Incorporated"
206 US.ATOS 1 "Atossa Genetics, Inc."
207 US.ATRA 1 "Atara Biotherapeutics"
208 US.ATRC 1 AtriCure公司
209 US.ATRI 1 Atrion公司
210 US.ATRO 1 Astronics公司
211 US.ATRS 1 安塔尔制药公司
212 US.ATSG 1 美国航空运输服务集团
213 US.ATTU 1 "Attunity Ltd."
214 US.ATVI 1 动视暴雪
215 US.AUBN 1 "Auburn National Bancorp, Inc."
216 US.AUDC 1 奥科
217 US.AUPH 1 "Aurinia Pharmaceuticals, Inc."
218 US.AVAV 1 AeroVironment公司
219 US.AVEO 1 AVEO制药公司
220 US.AVGO 1 博通
221 US.AVGR 1 AVGR
222 US.AVHI 1 阿凡达地产
223 US.AVID 1 艾维科技
224 US.AVIR 1 "Aviragen Therapeutics Inc"
225 US.AVNW 1 阿维亚网络公司
226 US.AVXL 1 "Anavex Life Sciences Corp."
227 US.AVXS 1 "AVEXIS, INC."
228 US.AWRE 1 艾卫公司
229 US.AXAS 1 阿布拉克萨斯石油公司
230 US.AXDX 1 "Accelerate Diagnostics"
231 US.AXGN 1 "AxoGen, Inc."
232 US.AXSM 1 "Axsome Therapeutics, Inc."
233 US.AXTI 1 AXT
234 US.AYA 1 "AMAYA INC"
235 US.AZPN 1 艾斯本
236 US.AZRX 1 "AzurRx BioPharma"
237 US.BABY 1 纳图斯医疗
238 US.BANF 1 BancFirst银行
239 US.BANR 1 邦纳
240 US.BASI 1 "Bioanalytical Systems, Inc."
241 US.BATRA 1 "Liberty Media Corporation"
242 US.BATRK 1 "Liberty Media Corporation"
243 US.BBBY 1 3B家居
244 US.BBGI 1 比斯利广播集团
245 US.BBOX 1 黑盒公司
246 US.BBRG 1 布拉沃布里奥餐饮集团有限公司
247 US.BBRY 1 黑莓
248 US.BBSI 1 巴瑞特商业服务公司
249 US.BCBP 1 BCB银行
250 US.BCLI 1 "Brainstorm Cell Therapeutics, Inc."
251 US.BCOM 1 "B Communications Ltd."
252 US.BCOR 1 "Blucora, Inc."
253 US.BCOV 1 布莱克维
254 US.BCPC 1 拜切
255 US.BCRX 1 BioCryst制药
256 US.BCTF 1 "Bancorp 34, Inc."
257 US.BDE 1 黑钻户外
258 US.BDGE 1 Bridge银行
259 US.BDSI 1 BioDelivery科学国际有限公司
260 US.BEAT 1 "BioTelemetry, Inc."
261 US.BEAV 1 BE航天航空
262 US.BEBE 1 碧碧
263 US.BECN 1 "Beacon Roofing Supply, Inc."
264 US.BELFA 1 "Bel Fuse, Inc."
265 US.BELFB 1 "Bel Fuse, Inc."
266 US.BFIN 1 班克金融
267 US.BGCP 1 "BGC Partners, Inc."
268 US.BGFV 1 "Big 5体育用品"
269 US.BGNE 1 百济神州
270 US.BHAC 1 "Barington Hilco Acquisition Corp."
271 US.BHBK 1 "Blue Hills Bancorp, Inc."
272 US.BIDU 1 百度
273 US.BIIB 1 生化基因
274 US.BIOC 1 "Biocept, Inc."
275 US.BIOL 1 "BIOLASE, Inc."
276 US.BIOP 1 "Bioptix, Inc."
277 US.BIOS 1 拜尔斯普保健
278 US.BJRI 1 BJs餐饮
279 US.BKEP 1 "BlueKnight Energy Partners LP LLC"
280 US.BKMU 1 互助银行
281 US.BKSC 1 南卡罗来纳银行
282 US.BL 1 BlackLine
283 US.BLBD 1 "Blue Bird Corp."
284 US.BLCM 1 "Bellicum Pharmaceuticals"
285 US.BLDP 1 巴拉德动力系统
286 US.BLDR 1 "Builders FirstSource, Inc."
287 US.BLFS 1 "BioLife Solutions, Inc."
288 US.BLIN 1 "Bridgeline Digital, Inc."
289 US.BLKB 1 布莱克波特科技
290 US.BLMN 1 "Bloomin' Brands, Inc."
291 US.BLMT 1 "BSB Bancorp, Inc. (Massachusetts)"
292 US.BLPH 1 "BELLEROPHON THERAPEUTICS LLC"
293 US.BLRX 1 "BioLineRx Ltd."
294 US.BLUE 1 "bluebird bio, Inc."
295 US.BLVD 1 "Boulevard Acquisition Corp. II"
296 US.BMCH 1 "BMC Stock Holdings Inc"
297 US.BMRA 1 "Biomerica, Inc."
298 US.BMRC 1 马林银行
299 US.BMRN 1 拜玛林制药
300 US.BMTC 1 布林摩尔银行
301 US.BNCL 1 "Beneficial Mutual银行"
302 US.BNCN 1 BNC银行
303 US.BNFT 1 "Benefitfocus, Inc."
304 US.BNSO 1 恒异电子国际公司
305 US.BNTC 1 "BENITEC BIOPHARMA LTD/ADR"
306 US.BOBE 1 鲍勃·埃文斯农场
307 US.BOCH 1 "Bank of Commerce Holdings"
308 US.BOFI 1 BofI控股
309 US.BOJA 1 "BOJANGLES', INC."
310 US.BOKF 1 BOK银行
311 US.BOLD 1 "Audentes Therapeutics"
312 US.BONT 1 邦顿百货
313 US.BOOM 1 "DMC Global Inc."
314 US.BOSC 1 BOS科技
315 US.BOTJ 1 "Bank of the James Financial Group, Inc."
316 US.BPFH 1 波士顿金融控股
317 US.BPMC 1 "BLUEPRINT MEDICINES CORP"
318 US.BPOP 1 大众银行
319 US.BPTH 1 "Bio-Path Holdings, Inc."
320 US.BREW 1 "Craft Brew Alliance, Inc."
321 US.BRID 1 "Bridgford Foods Corp."
322 US.BRKL 1 布鲁克赖恩银行
323 US.BRKR 1 布鲁克
324 US.BRKS 1 布鲁克自动化
325 US.BSET 1 巴西特家具
326 US.BSF 1 "Bear State Financial, Inc."
327 US.BSFT 1 "BroadSoft, Inc."
328 US.BSPM 1 奥星制药
329 US.BSQR 1 BSQUARE科技
330 US.BSRR 1 塞拉银行
331 US.BSTC 1 BioSpecifics生物
332 US.BSTG 1 "Biostage Inc"
333 US.BUFF 1 "BLUE BUFFALO PET PRODUCTS, INC."
334 US.BUR 1 "Burcon NutraScience Corp."
335 US.BUSE 1 "First Busey Corp."
336 US.BV 1 "Bazaarvoice, Inc."
337 US.BVSN 1 宏道资讯
338 US.BVXV 1 "BIONDVAX PHARMACEUTICALS LTD."
339 US.BWEN 1 "Broadwind Energy, Inc."
340 US.BWFG 1 "Bankwell Financial Group, Inc."
341 US.BWINA 1 鲍德温与里昂公司
342 US.BWINB 1 "Baldwin & Lyons, Inc."
343 US.BWLD 1 "Buffalo Wild Wings, Inc."
344 US.BYBK 1 "Bay Bancorp, Inc."
345 US.BYFC 1 百老汇金融
346 US.BZUN 1 宝尊电商
347 US.CA 1 联合电脑
348 US.CAAS 1 中汽系统
349 US.CAC 1 卡姆登国家银行
350 US.CACB 1 喀斯喀特银行
351 US.CACC 1 "Credit Acceptance Corp."
352 US.CACQ 1 "Caesars Acquisition Company - Class A"
353 US.CADC 1 新奥混凝土
354 US.CAFD 1 "8POINT3 ENERGY PARTNERS LP"
355 US.CAKE 1 起司工坊
356 US.CALA 1 "Calithera Biosciences Inc"
357 US.CALD 1 卡利都斯软件
358 US.CALI 1 中国汽车物流
359 US.CALL 1 "magicJack VocalTec Ltd."
360 US.CALM 1 "Cal-Maine Foods, Inc."
361 US.CAMP 1 "CalAmp Corp."
362 US.CAMT 1 康特科技
363 US.CAPN 1 "Capnia, Inc."
364 US.CAPR 1 "Capricor Therapeutics, Inc."
365 US.CAR 1 安飞士
366 US.CARA 1 "CARA Therapeutics, Inc."
367 US.CARB 1 "Carbonite, Inc."
368 US.CARO 1 "Carolina Financial Corp."
369 US.CART 1 "Carolina Trust BancShares"
370 US.CARV 1 卡弗储蓄
371 US.CASC 1 "Cascade Corp."
372 US.CASH 1 米塔金融
373 US.CASI 1 "CASI Pharmaceuticals, Inc."
374 US.CASM 1 CAS医疗
375 US.CASS 1 卡斯信息系统
376 US.CASY 1 "Casey's General Stores, Inc."
377 US.CATB 1 "CATABASIS PHARMACEUTICALS INC"
378 US.CATM 1 "Cardtronics plc Class A Ordinary Shares (UK)"
379 US.CATY 1 国泰万通金控
380 US.CAVM 1 卡姆网络
381 US.CBAK 1 比克电池
382 US.CBAN 1 科勒尼
383 US.CBAY 1 "CymaBay Therapeutics, Inc."
384 US.CBF 1 "Capital Bank Financial Corp"
385 US.CBFV 1 "CB Financial Services, Inc."
386 US.CBIO 1 "Catalyst Biosciences, Inc."
387 US.CBLI 1 克利夫兰生物实验室
388 US.CBMG 1 "Cellular Biomedicine Group, Inc."
389 US.CBMX 1 "CombiMatrix Corporation"
390 US.CBOE 1 芝加哥期权交易所
391 US.CBPO 1 泰邦生物
392 US.CBRL 1 CB乡村店
393 US.CBSH 1 科默斯银行
394 US.CCBG 1 "Capital City Bank Group, Inc."
395 US.CCCL 1 中国陶瓷
396 US.CCCR 1 鲈乡农村小额贷款
397 US.CCIH 1 蓝汛
398 US.CCLP 1 "CSI Compressco LP"
399 US.CCMP 1 卡伯特微电子
400 US.CCNE 1 CNB金融
401 US.CCOI 1 "Cogent Communications Holdings, Inc."
402 US.CCRC 1 泰盈科技
403 US.CCRN 1 "Cross Country Healthcare, Inc."
404 US.CCUR 1 "Concurrent Computer Corp."
405 US.CCXI 1 "ChemoCentryx, Inc."
406 US.CDEV 1 "Centennial Resource Development, Inc. Class A"
407 US.CDK 1 "CDK Global"
408 US.CDNA 1 CareDx
409 US.CDNS 1 铿腾电子
410 US.CDOR 1 "Condor Hospitality Trust, Inc."
411 US.CDTI 1 "Clean Diesel Technologies, Inc."
412 US.CDTX 1 "CIDARA THERAPEUTICS, INC."
413 US.CDW 1 "CDW Corp."
414 US.CDXC 1 "ChromaDex Corporation"
415 US.CDXS 1 "Codexis, Inc."
416 US.CDZI 1 加的斯
417 US.CECE 1 Ceco环保
418 US.CECO 1 职业教育
419 US.CELG 1 新基公司
420 US.CEMI 1 "Chembio Diagnostics, Inc."
421 US.CEMP 1 Cempra
422 US.CENT 1 "Central Garden & Pet Co."
423 US.CENTA 1 "Central Garden & Pet Co."
424 US.CENX 1 世纪铝业
425 US.CERC 1 "Cerecor, Inc."
426 US.CERN 1 美国塞纳
427 US.CERS 1 "Cerus Corp."
428 US.CERU 1 "CERULEAN PHARMA INC COM"
429 US.CETV 1 "Central European Media Enterprises Ltd."
430 US.CETX 1 "Cemtrex, Inc."
431 US.CEVA 1 "CEVA, Inc."
432 US.CFBK 1 "Central Federal Corp."
433 US.CFCB 1 "CENTRUE FIN CORP"
434 US.CFCO 1 "CF Corporation Class A Ordinary Share"
435 US.CFFI 1 C&F金融
436 US.CFFN 1 "Capitol Federal Financial, Inc."
437 US.CFMS 1 "CONFORMIS INC"
438 US.CFNB 1 加州第一国民银行
439 US.CFNL 1 卡迪纳尔金融
440 US.CFRX 1 "ContraFect Corp."
441 US.CG 1 凯雷
442 US.CGEN 1 Compugen医疗
443 US.CGIX 1 "Cancer Genetics, Inc."
444 US.CGNT 1 "Cogentix Medical, Inc."
445 US.CGNX 1 康耐视科技
446 US.CHCI 1 康斯托克住宅建筑
447 US.CHCO 1 "City Holding Co."
448 US.CHDN 1 "Churchill Downs, Inc."
449 US.CHEF 1 "The Chefs' Warehouse, Inc."
450 US.CHEK 1 "Check-Cap Ltd."
451 US.CHFC 1 "Chemical Financial Corp."
452 US.CHFN 1 "Charter Financial Corp. (Georgia)"
453 US.CHKE 1 切诺基
454 US.CHKP 1 "Check Point软件科技"
455 US.CHMA 1 "CHIASMA, INC"
456 US.CHMG 1 "Chemung Financial Corp."
457 US.CHNR 1 中国天然资源
458 US.CHRS 1 "Coherus BioSciences"
459 US.CHRW 1 罗宾逊物流
460 US.CHTR 1 特许通讯公司
461 US.CHUBA 1 "CommerceHub, Inc. Series A"
462 US.CHUBK 1 "CommerceHub, Inc. Series C"
463 US.CHUY 1 "Chuy's Holdings, Inc."
464 US.CIDM 1 Cinedigm数码影院
465 US.CIGI 1 "Colliers International Group, Inc."
466 US.CINF 1 辛市金融
467 US.CIVB 1 "Civista Bancshares, Inc."
468 US.CIZN 1 市民金融控股
469 US.CJJD 1 九洲大药房
470 US.CLAC 1 "Capitol Acquisition Corp. II"
471 US.CLBH 1 卡罗莱纳银行控股
472 US.CLBS 1 "Caladrius Biosciences, Inc."
473 US.CLCT 1 环球收藏者
474 US.CLDC 1 "China Lending Corp"
475 US.CLDX 1 塞德斯医疗
476 US.CLFD 1 克利尔菲尔德通讯
477 US.CLIR 1 "ClearSign Combustion Corp."
478 US.CLLS 1 "Cellectis S.A."
479 US.CLMS 1 卡拉莫斯资产管理
480 US.CLMT 1 卡路美
481 US.CLNE 1 "Clean Energy Fuels Corp"
482 US.CLNT 1 中国风能技术
483 US.CLRB 1 "Cellectar BioSciences, Inc."
484 US.CLRO 1 ClearOne通讯
485 US.CLSD 1 "CLEARSIDE BIOMEDICAL, INC."
486 US.CLSN 1 克莱瑞恩
487 US.CLUB 1 "Town Sports International Holdings, Inc."
488 US.CLVS 1 "Clovis Oncology, Inc."
489 US.CLWT 1 欧陆科仪控股有限公司
490 US.CMCO 1 哥伦布-麦金农
491 US.CMCSA 1 康卡斯特
492 US.CMCT 1 "CIM Commercial Trust Corp."
493 US.CME 1 芝加哥商品交易所
494 US.CMFN 1 "CM Finance, Inc."
495 US.CMLS 1 "Cumulus Media Inc"
496 US.CMPR 1 "Cimpress NV"
497 US.CMRX 1 "Chimerix, Inc."
498 US.CMTL 1 康姆泰克通讯
499 US.CNAT 1 "Conatus Pharmaceuticals, Inc."
500 US.CNBKA 1 世纪银行
501 US.CNCE 1 "Concert Pharmaceuticals, Inc."
502 US.CNET 1 中网在线
503 US.CNFR 1 "CONIFER HOLDINGS, INC."
504 US.CNIT 1 中国信息技术
505 US.CNMD 1 "CONMED Corp."
506 US.CNOB 1 "ConnectOne Bancorp, Inc."
507 US.CNSL 1 联合通讯
508 US.CNTF 1 泰克飞石
509 US.CNTY 1 世纪赌场
510 US.CNXN 1 "PC Connection, Inc."
511 US.CNXR 1 Connecture
512 US.COBZ 1 CoBiz银行
513 US.COGT 1 "Cogint, Inc."
514 US.COHR 1 "Coherent, Inc."
515 US.COHU 1 科休半导体
516 US.COKE 1 可口可乐装瓶
517 US.COLB 1 哥伦比亚银行系统
518 US.COLL 1 "COLLEGIUM PHARMACEUTICAL, INC"
519 US.COLM 1 哥伦比亚户外
520 US.COMM 1 "CommScope Holding Co., Inc."
521 US.CONE 1 "CyrusOne, Inc."
522 US.CONN 1 科恩
523 US.COOL 1 Majesco娱乐
524 US.CORE 1 科尔.马克控股
525 US.CORI 1 "Corium International, Inc."
526 US.CORT 1 Corcept医疗
527 US.COST 1 好市多
528 US.COUP 1 "COUPA SOFTWARE INC"
529 US.COWN 1 "Cowen, Inc."
530 US.COYN 1 "COPSYNC INC"
531 US.CPAA 1 "Conyers Park Acquisition Corp."
532 US.CPAH 1 "CounterPath Corp."
533 US.CPHC 1 "坎特伯雷帕克控股 (新)"
534 US.CPIX 1 坎伯兰药业
535 US.CPLA 1 卡佩拉教育
536 US.CPLP 1 "Capital Product Partners LP"
537 US.CPRT 1 科帕特
538 US.CPRX 1 "Catalyst Pharmaceuticals, Inc."
539 US.CPSH 1 "CPS Technologies Corp."
540 US.CPSI 1 "Computer Programs & Systems, Inc."
541 US.CPSS 1 "Consumer Portfolio Services, Inc."
542 US.CPST 1 凯普斯通涡轮
543 US.CPTA 1 "Capitala Finance Corp."
544 US.CRAI 1 CRA国际
545 US.CRAY 1 克雷科技
546 US.CRBP 1 "Corbus Pharmaceuticals Holdings, Inc."
547 US.CRDS 1 "Crossroads Systems"
548 US.CREE 1 克里科技
549 US.CREG 1 盈丰科技
550 US.CRESY 1 "Cresud SA"
551 US.CRIS 1 居里
552 US.CRME 1 Cardiome药业
553 US.CRMT 1 美国汽车行
554 US.CRNT 1 Ceragon网络
555 US.CROX 1 卡骆驰
556 US.CRSP 1 "CRISPR Therapeutics AG"
557 US.CRTN 1 "Cartesian, Inc."
558 US.CRTO 1 "Criteo SA"
559 US.CRUS 1 凌云半导体
560 US.CRVL 1 "CorVel Corp."
561 US.CRVS 1 "CORVUS PHARMACEUTICALS, INC."
562 US.CRWS 1 "Crown Crafts制衣"
563 US.CRZO 1 卡里索油气
564 US.CSAL 1 "Communications Sales & Leasing, Inc When Issued"
565 US.CSBK 1 克利夫顿储蓄
566 US.CSBR 1 "Champions Oncology, Inc."
567 US.CSCO 1 思科
568 US.CSFL 1 "CenterState Banks, Inc."
569 US.CSGP 1 科斯塔
570 US.CSGS 1 CSG系统国际
571 US.CSII 1 "Cardiovascular Systems, Inc."
572 US.CSIQ 1 阿特斯太阳能
573 US.CSOD 1 "Cornerstone OnDemand, Inc."
574 US.CSPI 1 "CSP, Inc."
575 US.CSTE 1 "Caesarstone Ltd."
576 US.CSTR 1 "CapStar Financial Holdings, Inc."
577 US.CSWC 1 "Capital Southwest Corp."
578 US.CSWI 1 "CSW Industrials, Inc."
579 US.CSX 1 CSX运输
580 US.CTAS 1 信达思
581 US.CTBI 1 大众信托合众银行
582 US.CTG 1 "Computer Task Group, Inc."
583 US.CTHR 1 诗思(香港)
584 US.CTIB 1 CTI工业
585 US.CTIC 1 "CTI BioPharma Corp."
586 US.CTMX 1 "CYTOMX THERAPEUTICS, INC."
587 US.CTRE 1 "CareTrust REIT, Inc."
588 US.CTRL 1 "Control4 Corp."
589 US.CTRN 1 "Citi Trends, Inc."
590 US.CTRP 1 携程网
591 US.CTRV 1 "ContraVir Pharmaceuticals, Inc."
592 US.CTSH 1 高知特
593 US.CTSO 1 "CytoSorbents Corp."
594 US.CTWS 1 "Connecticut Water Service, Inc."
595 US.CTXS 1 思杰系统
596 US.CUBN 1 "Commerce Union Bancshares, Inc. (Tennessee)"
597 US.CUI 1 "CUI Global, Inc."
598 US.CUNB 1 "CU Bancorp (CA)"
599 US.CUR 1 "Neuralstem, Inc."
600 US.CUTR 1 古特拉
601 US.CVBF 1 CVB金融
602 US.CVCO 1 卡寇工业
603 US.CVCY 1 中央谷地
604 US.CVGI 1 商用汽车
605 US.CVGW 1 卡拉沃养殖
606 US.CVLT 1 康沃系统
607 US.CVLY 1 "Codorus Valley Bancorp, Inc."
608 US.CVTI 1 契诺货运
609 US.CVV 1 CVD设备
610 US.CWAY 1 "Coastway Bancorp, Inc."
611 US.CWBC 1 西部社区银行
612 US.CWCO 1 "Consolidated Water Co. Ltd."
613 US.CWST 1 "Casella Waste Systems, Inc."
614 US.CXDC 1 鑫达集团
615 US.CXRX 1 "Concordia International Corp"
616 US.CY 1 赛普拉斯半导体
617 US.CYAD 1 "CELYAD S.A."
618 US.CYAN 1 赛安诺科技
619 US.CYBE 1 数码光学科技
620 US.CYBR 1 "Cyber-Ark Software"
621 US.CYCC 1 "Cyclacel Pharmaceuticals, Inc."
622 US.CYOU 1 畅游
623 US.CYRN 1 "CYREN Ltd."
624 US.CYRX 1 "CryoPort, Inc."
625 US.CYTK 1 "Cytokinetics, Inc."
626 US.CYTR 1 赛特科科技
627 US.CYTX 1 赛托瑞医疗
628 US.CZFC 1 "Citizens First Corp."
629 US.CZNC 1 市民北方
630 US.CZR 1 凯撒娱乐
631 US.CZWI 1 "Citizens Community Bancorp, Inc. (Wisconsin)"
632 US.DAIO 1 "Data I/O Corp."
633 US.DAKT 1 "Daktronics, Inc."
634 US.DAVE 1 "Famous Dave's of America, Inc."
635 US.DBVT 1 "DBV TECHNOLOGIES S.A."
636 US.DCIX 1 "Diana Containerships, Inc."
637 US.DCOM 1 迪募社区银行
638 US.DCTH 1 迪卡斯
639 US.DELT 1 "Delta Technology Holdings Ltd."
640 US.DENN 1 "Denny's Corp."
641 US.DEPO 1 "Depomed, Inc."
642 US.DERM 1 Dermira
643 US.DEST 1 "Destination Maternity Corp."
644 US.DFBG 1 "Differential Brands Group Inc"
645 US.DFFN 1 "Diffusion Pharmaceuticals, Inc."
646 US.DFRG 1 "Del Frisco's Restaurant Group, Inc."
647 US.DGICA 1 多尼戈尔股份
648 US.DGICB 1 "Donegal Group, Inc."
649 US.DGII 1 美国迪进国际
650 US.DGLY 1 "Digital Ally, Inc."
651 US.DHIL 1 "Diamond Hill Investment Group, Inc."
652 US.DHXM 1 "DHX Media Ltd."
653 US.DIOD 1 "Diodes, Inc."
654 US.DISCA 1 探索传播
655 US.DISCB 1 探索传播B类股
656 US.DISCK 1 探索传播C类股
657 US.DISH 1 "DISH Network Corp."
658 US.DJCO 1 "Daily Journal Corp."
659 US.DLHC 1 "DLH Holdings Corp."
660 US.DLTH 1 "DULUTH HOLDINGS INC."
661 US.DLTR 1 美元树公司
662 US.DMLP 1 多尔切斯特
663 US.DMPI 1 "DelMar Pharmaceuticals, Inc."
664 US.DMRC 1 数字标识
665 US.DMTX 1 "DIMENSION THERAPEUTI"
666 US.DNAI 1 "PRONAI THERAPEUTICS INC"
667 US.DNBF 1 DNB金融
668 US.DNKN 1 唐恩都乐
669 US.DORM 1 "Dorman Products, Inc."
670 US.DOX 1 "Amdocs Ltd."
671 US.DPRX 1 "DIPEXIUM PHARMACEU"
672 US.DRAD 1 "Digirad Corp."
673 US.DRAM 1 达泰莱
674 US.DRIO 1 "LabStyle Innovations Corp"
675 US.DRNA 1 "Dicerna Pharmaceuticals, Inc."
676 US.DRRX 1 "DURECT Corp."
677 US.DRWI 1 "DragonWave Inc"
678 US.DRYS 1 "DryShips, Inc."
679 US.DSGX 1 "The Descartes Systems Group, Inc."
680 US.DSPG 1 "DSP Group, Inc."
681 US.DSWL 1 香港德卫集团
682 US.DTEA 1 "DAVIDSTEA INC."
683 US.DTRM 1 "Determine, Inc."
684 US.DVAX 1 德纳维制药
685 US.DVCR 1 "Diversicare Healthcare Services, Inc."
686 US.DWCH 1 数据观察
687 US.DWSN 1 道森地探
688 US.DXCM 1 德康医疗
689 US.DXLG 1 "Destination XL Group, Inc."
690 US.DXPE 1 "DXP Enterprises, Inc."
691 US.DXTR 1 "Dextera Surgical Inc."
692 US.DXYN 1 迪克希
693 US.DYNT 1 "Dynatronics Corp."
694 US.DYSL 1 "Dynasil Corp. of America"
695 US.DZSI 1 "DASAN Zhone Solutions, Inc."
696 US.EA 1 电子艺界
697 US.EACQ 1 "Easterly Acquisition Corp."
698 US.EAGL 1 "Double Eagle Acquisition Corp. Class A"
699 US.EARS 1 "Auris Medical Holding AG"
700 US.EBAY 1 电子海湾公司
701 US.EBIO 1 "Eleven Biotherapeutics, Inc."
702 US.EBIX 1 亚太交换中心
703 US.EBMT 1 "Eagle Bancorp Montana, Inc."
704 US.EBSB 1 莫里迪恩洲际合众银行
705 US.EBTC 1 "Enterprise Bancorp, Inc."
706 US.ECAC 1 "E-compass Acquisition Corp"
707 US.ECHO 1 "Echo Global Logistics, Inc."
708 US.ECOL 1 "US Ecology, Inc."
709 US.ECPG 1 安可资本
710 US.ECYT 1 "Endocyte, Inc."
711 US.EDAP 1 "EDAP TMS S.A."
712 US.EDGE 1 "EDGE THERAPEUTICS, INC."
713 US.EDGW 1 厄奇沃特科技
714 US.EDIT 1 "Editas Medicine, Inc."
715 US.EDUC 1 "Educational Development Corp."
716 US.EEFT 1 嘉银通
717 US.EEI 1 生态与环境
718 US.EFII 1 电子影像
719 US.EFOI 1 "Energy Focus, Inc."
720 US.EFSC 1 "Enterprise Financial Services Corp."
721 US.EGAN 1 "eGain Corp."
722 US.EGBN 1 伊格尔合众银行
723 US.EGHT 1 "8x8, Inc."
724 US.EGLE 1 伊格尔散货航运
725 US.EGLT 1 "Egalet Corp."
726 US.EGOV 1 "NIC, Inc."
727 US.EGRX 1 "Eagle Pharmaceuticals, Inc."
728 US.EHTH 1 易康
729 US.EIGI 1 "Endurance International Group Holdings, Inc."
730 US.EIGR 1 "Eiger BioPharmaceuticals Inc"
731 US.EKSO 1 "Ekso Bionics Holdings, Inc."
732 US.ELEC 1 "Electrum Special Acquisition Corp."
733 US.ELGX 1 恩多勒吉克斯
734 US.ELNK 1 地球连线
735 US.ELON 1 埃斯朗
736 US.ELSE 1 伊莱克森
737 US.ELTK 1 "Eltek Ltd."
738 US.EMCF 1 恩克莱尔金融
739 US.EMCI 1 易安信保险
740 US.EMITF 1 "Elbit Imaging Ltd."
741 US.EMKR 1 埃姆科
742 US.EML 1 "The Eastern Co."
743 US.EMMS 1 艾米斯传播
744 US.ENDP 1 远藤制药
745 US.ENFC 1 "Entegra Financial Corp."
746 US.ENG 1 ENG环球
747 US.ENPH 1 "Enphase Energy, Inc."
748 US.ENSG 1 恩赛因
749 US.ENT 1 恩特拉能源信托
750 US.ENTA 1 "Enanta Pharmaceuticals, Inc."
751 US.ENTG 1 英特格
752 US.ENTL 1 "ENTELLUS MEDICAL INC"
753 US.ENZY 1 "Enzymotec Ltd."
754 US.EPAY 1 "Bottomline Technologies, Inc."
755 US.EPIX 1 "ESSA Pharma, Inc."
756 US.EPZM 1 "Epizyme, Inc."
757 US.EQBK 1 "EQUITY BANCSHARES IN"
758 US.EQFN 1 "Equitable Financial Corp."
759 US.EQIX 1 易昆尼克斯
760 US.ERI 1 艾姆升
761 US.ERIC 1 爱立信
762 US.ERIE 1 伊瑞保险
763 US.ERII 1 "Energy Recovery, Inc."
764 US.ESBK 1 埃尔迈拉储蓄银行
765 US.ESCA 1 攀登者
766 US.ESEA 1 "Euroseas Ltd."
767 US.ESES 1 "Eco-Stim Energy Solutions, Inc."
768 US.ESGR 1 恩斯塔
769 US.ESIO 1 电子科技工业
770 US.ESLT 1 "Elbit Systems Ltd."
771 US.ESND 1 "Essendant, Inc."
772 US.ESPR 1 "Esperion Therapeutics, Inc."
773 US.ESRX 1 快捷药方
774 US.ESSA 1 萨万通金控
775 US.ESXB 1 "Community Bankers Trust Corp."
776 US.ETFC 1 亿创
777 US.ETRM 1 项由永恒医疗器材
778 US.ETSY 1 "ETSY INC"
779 US.EVAR 1 "LOMBARD MED INC COM"
780 US.EVBG 1 "Everbridge, Inc."
781 US.EVBS 1 东维吉尼亚银行股份
782 US.EVEP 1 EV能源合作伙伴
783 US.EVK 1 江苏华瑞服装有限公司
784 US.EVLV 1 "EVINE Live, Inc."
785 US.EVOK 1 "Evoke Pharma, Inc."
786 US.EVOL 1 "Evolving Systems, Inc."
787 US.EWBC 1 华美
788 US.EXAC 1 精技医疗器械
789 US.EXAS 1 精密科学
790 US.EXEL 1 伊克力西斯
791 US.EXFO 1 "EXFO, Inc."
792 US.EXLS 1 伊克赛尔服务控股
793 US.EXPD 1 康捷国际物流
794 US.EXPE 1 "Expedia, Inc."
795 US.EXPO 1 毅博科技咨询
796 US.EXTR 1 极速网络
797 US.EYEG 1 "Eyegate Pharmaceuticals"
798 US.EYES 1 "Second Sight Medical Products, Inc."
799 US.EZPW 1 艾茨克普
800 US.FALC 1 飞康软件
801 US.FANG 1 "Diamondback Energy, Inc."
802 US.FANH 1 泛华保险
803 US.FARM 1 "Farmer Brothers Co."
804 US.FARO 1 法如科技
805 US.FAST 1 快扣
806 US.FATE 1 "Fate Therapeutics, Inc."
807 US.FB 1 Facebook
808 US.FBIO 1 "Fortress Biotech, Inc."
809 US.FBIZ 1 第一商业金融服务
810 US.FBMS 1 第一银行股份
811 US.FBNC 1 第一万能金控
812 US.FBNK 1 "First Connecticut Bancorp, Inc."
813 US.FBRC 1 "FBR & Co"
814 US.FBSS 1 福基尔银行股份
815 US.FCAP 1 第一资本
816 US.FCBC 1 第一社区银行股份
817 US.FCCO 1 第一社区
818 US.FCCY 1 第一机构银行
819 US.FCEL 1 燃料电池能源
820 US.FCFP 1 "FIRST COMMUNITY FINL"
821 US.FCNCA 1 第一公民银行股份
822 US.FCSC 1 "Fibrocell Science, Inc."
823 US.FDEF 1 第一迪法恩斯金融
824 US.FEIM 1 高频电子
825 US.FELE 1 富兰克林电子
826 US.FENX 1 "FENIX PARTS, INC."
827 US.FEYE 1 "FireEye Inc."
828 US.FFBC 1 第一金融银行股份
829 US.FFHL 1 富维薄膜
830 US.FFIC 1 法拉盛金融
831 US.FFIN 1 第一金融银行股份
832 US.FFIV 1 F5网络
833 US.FFKT 1 "Farmers Capital Bank Corp."
834 US.FFNW 1 "First Financial Northwest, Inc."
835 US.FFWM 1 "First Foundation Inc."
836 US.FGBI 1 "First Guaranty Bancshares, Inc."
837 US.FGEN 1 FibroGen
838 US.FH 1 "Form Holdings Corp"
839 US.FHB 1 "First Hawaiian"
840 US.FHCO 1 女性健康
841 US.FIBK 1 "First Interstate BancSystem, Inc. (Montana)"
842 US.FINL 1 "The Finish Line, Inc."
843 US.FISI 1 "Financial Institutions, Inc."
844 US.FISV 1 费哲金融服务
845 US.FITB 1 五三银行
846 US.FIVE 1 "Five Below, Inc."
847 US.FIVN 1 "Five9, Inc."
848 US.FIZZ 1 "National Beverage Corp."
849 US.FLDM 1 "Fluidigm Corp."
850 US.FLEX 1 伟创力国际
851 US.FLGT 1 "Fulgent Genetics"
852 US.FLIC 1 第一长岛
853 US.FLIR 1 菲利尔系统
854 US.FLKS 1 "FLEX PHARMA  INC."
855 US.FLL 1 "Full House Resorts, Inc."
856 US.FLML 1 "弗莱莫科技 (已退市)"
857 US.FLWS 1 "1-800-FLOWERS.COM, Inc."
858 US.FLXN 1 "Flexion Therapeutics, Inc."
859 US.FLXS 1 弗莱克斯蒂尔工业
860 US.FMBH 1 "First Mid-Illinois Bancshares, Inc."
861 US.FMBI 1 第一中西部银行
862 US.FMI 1 "Foundation Medicine, Inc."
863 US.FMNB 1 "Farmers National Banc Corp."
864 US.FNBC 1 "First NBC Bank Holding Company"
865 US.FNCX 1 "Function(x) Inc (New)"
866 US.FNGN 1 "Financial Engines, Inc."
867 US.FNHC 1 "Federated National Holding Co."
868 US.FNJN 1 "FINJAN HOLDINGS CMN"
869 US.FNLC 1 第一万通金控
870 US.FNSR 1 菲尼萨网络通信
871 US.FNWB 1 "First Northwest Bancorp (Washington)"
872 US.FOGO 1 "FOGO DE CHAO, INC."
873 US.FOLD 1 爱美医疗
874 US.FOMX 1 Foamix
875 US.FONR 1 福纳
876 US.FORD 1 福沃德工业
877 US.FORK 1 富岭塑胶
878 US.FORM 1 "FormFactor, Inc."
879 US.FORR 1 佛罗斯特研究
880 US.FORTY 1 配方系统
881 US.FOSL 1 福思
882 US.FOX 1 21世纪福克斯公司
883 US.FOXA 1 21世纪福克斯公司
884 US.FOXF 1 "Fox Factory Holding Corp."
885 US.FPAY 1 "FlexShopper, Inc."
886 US.FPRX 1 "Five Prime Therapeutics, Inc."
887 US.FRAN 1 "Francesca's Holdings Corp."
888 US.FRBA 1 "First Bank (Hamilton, New Jersey)"
889 US.FRBK 1 共和国第一万通金控
890 US.FRED 1 弗雷德
891 US.FRGI 1 "Fiesta Restaurant Group, Inc."
892 US.FRME 1 第一招商股份
893 US.FRP 1 "FairPoint Communications"
894 US.FRPH 1 "FRP Holdings, Inc."
895 US.FRPT 1 "Freshpet Inc."
896 US.FRSH 1 "Papa Murphy's Holdings"
897 US.FRTA 1 Forterra
898 US.FSAM 1 "Fifth Street Asset Management"
899 US.FSBC 1 "FSB Bancorp, Inc."
900 US.FSBK 1 第一南方万通金控
901 US.FSBW 1 "FS Bancorp, Inc."
902 US.FSFG 1 第一储蓄金融
903 US.FSLR 1 第一太阳能
904 US.FSNN 1 "Fusion Telecommunications International, Inc."
905 US.FSTR 1 LB福斯特
906 US.FSV 1 "FirstService Corp."
907 US.FTD 1 "FTD Cos., Inc."
908 US.FTEK 1 燃料技术
909 US.FTEO 1 "FRONTEO Inc"
910 US.FTNT 1 飞塔信息
911 US.FTR 1 Fromtier通信B系列
912 US.FULT 1 富尔顿金融
913 US.FUNC 1 马里兰第一联合
914 US.FUSB 1 "First US Bancshares Inc"
915 US.FVE 1 "Five Star Senior Living, Inc."
916 US.FWP 1 "Forward Pharma"
917 US.FWRD 1 福沃运输
918 US.GABC 1 德美银行
919 US.GAIA 1 "Gaia Inc (New)"
920 US.GALE 1 "Galena Biopharma, Inc."
921 US.GALT 1 "Galectin Therapeutics, Inc."
922 US.GASS 1 斯蒂加斯海运
923 US.GBCI 1 冰川万通金控
924 US.GBLI 1 "Global Indemnity Limited Ordinary Shares (Cayman Islands)"
925 US.GBNK 1 担保银行
926 US.GBT 1 "GLOBAL BLOOD THERAPEUTICS, INC."
927 US.GCBC 1 格林县万通金控
928 US.GDEN 1 "Golden Entertainment, Inc."
929 US.GDS 1 "GDS Holdings Ltd."
930 US.GEMP 1 "GEMPHIRE THERAPEUTICS INC."
931 US.GENC 1 范科工业
932 US.GENE 1 基因技术ADR
933 US.GEOS 1 "Geospace Technologies Corp."
934 US.GERN 1 杰龙
935 US.GEVO 1 "Gevo, Inc."
936 US.GFED 1 GFED银行
937 US.GFN 1 通用金融
938 US.GGAL 1 加利西亚金融
939 US.GHDX 1 "Genomic Health, Inc."
940 US.GIFI 1 "Gulf Island Fabrication, Inc."
941 US.GIGA 1 千兆微波
942 US.GIGM 1 和信超媒体公司
943 US.GIII 1 "G-III Apparel Group Ltd."
944 US.GILD 1 吉利德科学
945 US.GILT 1 吉来特卫星网络
946 US.GLBL 1 环球实业
947 US.GLBR 1 "Global Brokerage, Inc."
948 US.GLBS 1 "Globus Maritime Ltd."
949 US.GLBZ 1 格伦伯尼万通金控
950 US.GLDD 1 "Great Lakes Dredge & Dock Corp."
951 US.GLMD 1 "Galmed Pharmaceuticals Ltd."
952 US.GLNG 1 Golar海运
953 US.GLPG 1 "GALAPAGOS NV"
954 US.GLPI 1 "Gaming & Leisure Properties, Inc."
955 US.GLRE 1 绿光资本再保公司
956 US.GLUU 1 Glu移动
957 US.GLYC 1 "GlycoMimetics, Inc."
958 US.GMAN 1 Gordmans商店
959 US.GMLP 1 "Golar LNG Partners LP"
960 US.GNBC 1 "Green Bancorp"
961 US.GNCA 1 "Genocea Biosciences, Inc."
962 US.GNCMA 1 通用通讯
963 US.GNMK 1 "GenMark Diagnostics, Inc."
964 US.GNMX 1 "Aevi Genomic Medicine, Inc."
965 US.GNTX 1 真泰克
966 US.GNUS 1 "Genius Brands International, Inc."
967 US.GNVC 1 真科生物技术
968 US.GOGL 1 "Golden Ocean Group Ltd."
969 US.GOGO 1 "Gogo, Inc."
970 US.GOLD 1 兰德黄金资源公司
971 US.GOOD 1 格拉德斯通商业
972 US.GOOG 1 谷歌
973 US.GOOGL 1 谷歌A
974 US.GOV 1 GOV基金
975 US.GPAC 1 "Global Partner Acquisition Corp."
976 US.GPIA 1 "GP INVESTMENTS ACQUISITION CO"
977 US.GPIC 1 "Gaming Partners International Corp."
978 US.GPOR 1 格尔夫波特能源
979 US.GPP 1 "GREEN PLAINS PARTNERS LP"
980 US.GPRE 1 绿色平原能源
981 US.GPRO 1 GoPro
982 US.GRBK 1 "Green Brick Partners, Inc."
983 US.GRFS 1 "Grifols SA"
984 US.GRIF 1 "Griffin Industrial Realty, Inc."
985 US.GRMN 1 佳明
986 US.GROW 1 美国全球投资者
987 US.GRPN 1 GroupOn
988 US.GRVY 1 "Gravity Co., Ltd."
989 US.GSBC 1 南方万通金控
990 US.GSIT 1 广船国际技术
991 US.GSM 1 "Ferroglobe PLC"
992 US.GSUM 1 北京国双科技有限公司
993 US.GT 1 固特异轮胎橡胶公司
994 US.GTIM 1 恋上餐厅
995 US.GTLS 1 查特工业
996 US.GTXI 1 "GTx, Inc."
997 US.GTYH 1 "GTY Technology Holdings, Inc. Class A"
998 US.GURE 1 海湾资源
999 US.GWGH 1 "GWG Holdings, Inc"
1000 US.GWPH 1 "GW Pharmaceuticals Plc"
1001 US.GWRS 1 "Global Water Resources"
1002 US.GYRO 1 旋翼物业
1003 US.HA 1 夏威夷控股
1004 US.HABT 1 "Habit Restaurants"
1005 US.HAFC 1 韩美金融
1006 US.HAIN 1 海恩时富
1007 US.HALL 1 标志金融服务
1008 US.HALO 1 奥洛兹美医疗
1009 US.HAS 1 孩之宝
1010 US.HAWK 1 "Blackhawk Network Holdings, Inc."
1011 US.HAYN 1 海恩斯国际
1012 US.HBAN 1 亨廷顿银行
1013 US.HBCP 1 Home合众银行
1014 US.HBHC 1 汉考克控股银行
1015 US.HBIO 1 哈佛生物科学
1016 US.HBK 1 "Hamilton Bancorp, Inc. (Maryland)"
1017 US.HBMD 1 "Howard Bancorp, Inc. (Maryland)"
1018 US.HBNC 1 哈里逊合众银行
1019 US.HBP 1 "Huttig Building Products, Inc."
1020 US.HCAC 1 "Hennessy Capital Acquisition Corp. III"
1021 US.HCAP 1 "Harvest Capital Credit Corp."
1022 US.HCCI 1 "Heritage-Crystal Clean, Inc."
1023 US.HCKT 1 哈克特服务
1024 US.HCM 1 "HUTCHISON CHINA MEDITECH LTD"
1025 US.HCOM 1 "Hawaiian Telcom HoldCo, Inc."
1026 US.HCSG 1 医疗保健服务
1027 US.HDNG 1 哈丁兄弟
1028 US.HDP 1 "HORTONWORKS  INC."
1029 US.HDRA 1 "Hydra Industries Acquisition Corp. (已退市)"
1030 US.HDS 1 "HD Supply Holdings, Inc."
1031 US.HDSN 1 哈德森科技
1032 US.HEAR 1 "Turtle Beach Corp."
1033 US.HEES 1 HE设备服务
1034 US.HELE 1 海伦特洛伊家电
1035 US.HEOP 1 欧克斯赛银行
1036 US.HFBC 1 HopFed银行
1037 US.HFBL 1 "Home Federal Bancorp, Inc. of Louisiana"
1038 US.HFWA 1 Heritage金融银行
1039 US.HGSH 1 汉广厦房地产
1040 US.HIBB 1 希贝特体育
1041 US.HIFS 1 欣厄姆银行
1042 US.HIHO 1 公路控股有限公司
1043 US.HIIQ 1 "Health Insurance Innovations, Inc."
1044 US.HIMX 1 奇景光电
1045 US.HLG 1 海亮教育
1046 US.HLIT 1 谐波
1047 US.HMHC 1 "Houghton Mifflin Harcourt"
1048 US.HMNF 1 HMN金融
1049 US.HMNY 1 "Helios & Matheson Analytics, Inc."
1050 US.HMST 1 "HomeStreet, Inc."
1051 US.HMSY 1 HMS控股
1052 US.HMTA 1 "HomeTown Bankshares Corp. (Virginia)"
1053 US.HMTV 1 "Hemisphere Media Group, Inc."
1054 US.HNH 1 "Handy & Harman Ltd"
1055 US.HNNA 1 "Hennessy Advisors, Inc."
1056 US.HNRG 1 Hallador能源
1057 US.HOFT 1 胡克家具
1058 US.HOLI 1 和利时自动化
1059 US.HOLX 1 上巨实业医疗
1060 US.HOMB 1 "Home Bancshares, Inc. (Arkansas)"
1061 US.HONE 1 "HarborOne Bancorp, Inc."
1062 US.HOPE 1 "Hope Bancorp, Inc."
1063 US.HOTR 1 "Chanticleer Holdings"
1064 US.HPJ 1 豪鹏国际
1065 US.HPT 1 HPT房产信托
1066 US.HQCL 1 "Hanwha Q CELLS Co., Ltd."
1067 US.HQY 1 HealthEquity
1068 US.HRMN 1 "Harmony Merger Corp."
1069 US.HRTX 1 "Heron Therapeutics, Inc."
1070 US.HRZN 1 "Horizon Technology Finance Corp."
1071 US.HSGX 1 Histogenics
1072 US.HSIC 1 亨利香恩服务
1073 US.HSII 1 海德思哲服务
1074 US.HSKA 1 赫斯卡医疗
1075 US.HSNI 1 "HSN Inc"
1076 US.HSON 1 "Hudson Global, Inc."
1077 US.HSTM 1 健康流科技
1078 US.HTBI 1 "HomeTrust Bancshares, Inc."
1079 US.HTBK 1 "Heritage Commerce Corp."
1080 US.HTBX 1 "Heat Biologics, Inc."
1081 US.HTGM 1 "HTG MOLECULAR DIAGNOSTICS, INC"
1082 US.HTHT 1 华住
1083 US.HTLD 1 哈特兰快递
1084 US.HTLF 1 哈特兰金融
1085 US.HUBG 1 枢纽
1086 US.HURC 1 赫克
1087 US.HURN 1 休伦咨询
1088 US.HWAY 1 健康之路医疗
1089 US.HWBK 1 "Hawthorn Bancshares, Inc."
1090 US.HWCC 1 休斯顿电线电缆
1091 US.HWKN 1 霍金斯材料
1092 US.HYGS 1 "Hydrogenics Corp."
1093 US.HZNP 1 "Horizon Pharma Plc"
1094 US.IAC 1 IAC/InterActiveCorp
1095 US.IART 1 英特格拉生命科学
1096 US.IBCP 1 独立银行
1097 US.IBKC 1 "IBERIABANK Corp."
1098 US.IBKR 1 盈透证券
1099 US.IBOC 1 国际银行
1100 US.IBTX 1 "Independent Bank Group, Inc."
1101 US.ICAD 1 "iCAD, Inc."
1102 US.ICBK 1 "COUNTY BANCORP  INC."
1103 US.ICCC 1 伊芙美尔医疗
1104 US.ICFI 1 ICF国际
1105 US.ICHR 1 "Ichor Holdings, Ltd."
1106 US.ICLR 1 "ICON plc"
1107 US.ICON 1 艾康尼斯
1108 US.ICPT 1 "Intercept Pharmaceuticals, Inc."
1109 US.ICUI 1 ICU医疗
1110 US.IDCC 1 "InterDigital, Inc."
1111 US.IDRA 1 井寺制药
1112 US.IDSA 1 美国工业服务
1113 US.IDSY 1 编号系统
1114 US.IDTI 1 集成设备技术
1115 US.IDXG 1 "Interpace Diagnostics Group Inc"
1116 US.IDXX 1 IDEXX实验室
1117 US.IEP 1 伊坎企业
1118 US.IESC 1 "IES Holdings, Inc."
1119 US.IFON 1 "InfoSonics Corp."
1120 US.IGLD 1 金线网络
1121 US.III 1 信息服务
1122 US.IIIN 1 Insteel工业
1123 US.IIJI 1 首创网络
1124 US.IIN 1 "Intricon Corp."
1125 US.IIVI 1 "II￢I Incorporated"
1126 US.IKGH 1 友权集团控股有限公司
1127 US.IKNX 1 "IKONICS Corp."
1128 US.ILG 1 分时度假
1129 US.ILMN 1 "Illumina, Inc."
1130 US.IMDZ 1 "Immune Design"
1131 US.IMGN 1 "ImmunoGen, Inc."
1132 US.IMI 1 "Intermolecular, Inc."
1133 US.IMKTA 1 安格莱斯市场
1134 US.IMMR 1 "Immersion Corp."
1135 US.IMMU 1 "Immunomedics, Inc."
1136 US.IMMY 1 "Imprimis Pharmaceuticals, Inc."
1137 US.IMNP 1 "Immune Pharmaceuticals Inc."
1138 US.IMOS 1 百慕达南茂科技股份有限公司
1139 US.IMPV 1 "Imperva, Inc."
1140 US.INAP 1 Internap网络服务
1141 US.INBK 1 "First Internet Bancorp"
1142 US.INCR 1 "INC Research Holdings"
1143 US.INCY 1 因塞特医疗
1144 US.INDB 1 美国独立银行
1145 US.INFI 1 "Infinity Pharmaceuticals, Inc."
1146 US.INFN 1 英飞朗
1147 US.INFO 1 "IHS Markit Ltd"
1148 US.INGN 1 "Inogen, Inc."
1149 US.INO 1 "Inovio Pharmaceuticals, Inc."
1150 US.INOD 1 "Innodata, Inc."
1151 US.INOV 1 "INOVALON HOLDINGS  INC."
1152 US.INSG 1 "Inseego Corp."
1153 US.INSM 1 "Insmed, Inc."
1154 US.INSY 1 "INSYS Therapeutics, Inc."
1155 US.INTC 1 英特尔
1156 US.INTG 1 "InterGroup Corp."
1157 US.INTL 1 "INTL FCStone, Inc."
1158 US.INTU 1 财捷
1159 US.INTX 1 "Intersections, Inc."
1160 US.INVA 1 "Innoviva Inc"
1161 US.INVE 1 单片机微系统
1162 US.INVT 1 "Inventergy Global, Inc."
1163 US.INWK 1 "InnerWorkings, Inc."
1164 US.IONS 1 "Ionis Pharmaceuticals Inc"
1165 US.IOSP 1 英诺斯派材料
1166 US.IOTS 1 "ADESTO TECHNOLOGIES CORP"
1167 US.IPAR 1 依特香水
1168 US.IPAS 1 "iPass, Inc."
1169 US.IPCC 1 "Infinity Property & Casualty Corp."
1170 US.IPCI 1 "Intellipharmaceutics International, Inc."
1171 US.IPDN 1 "Professional Diversity Network, Inc."
1172 US.IPGP 1 IPG光电
1173 US.IPHS 1 "Innophos Holdings, Inc."
1174 US.IPWR 1 "Ideal Power, Inc."
1175 US.IPXL 1 Impax制药
1176 US.IRBT 1 "iRobot Corp."
1177 US.IRCP 1 "IRSA Propiedades Comerciales SA"
1178 US.IRDM 1 铱星通讯
1179 US.IRG 1 "Ignite Restaurant Group"
1180 US.IRIX 1 艾里德克斯
1181 US.IRMD 1 "IRadimed Corp."
1182 US.IROQ 1 "IF Bancorp, Inc."
1183 US.IRTC 1 "iRhythm Technologies"
1184 US.IRWD 1 Ironwood医药
1185 US.ISBC 1 投资者银行
1186 US.ISCA 1 国际赛道
1187 US.ISIG 1 "Insignia Systems, Inc."
1188 US.ISLE 1 卡普里岛赌场
1189 US.ISNS 1 图像传感系统
1190 US.ISRG 1 直觉外科公司
1191 US.ISRL 1 "Isramco, Inc."
1192 US.ISSC 1 创新软件
1193 US.ISTR 1 "Investar Holding"
1194 US.ITCI 1 "Intra-Cellular Therapies, Inc."
1195 US.ITEK 1 "INOTEK PHARMACEUTICALS CORP"
1196 US.ITI 1 "Iteris, Inc."
1197 US.ITIC 1 投资者不动产
1198 US.ITRI 1 伊管
1199 US.ITRN 1 "Ituran Location & Control Ltd."
1200 US.ITUS 1 "ITUS Corp."
1201 US.IVAC 1 因特瓦克
1202 US.IVTY 1 "INVUITY, INC."
1203 US.IXYS 1 "IXYS Corp."
1204 US.IZEA 1 "IZEA, Inc."
1205 US.JACK 1 "Jack in the Box, Inc."
1206 US.JAGX 1 "Jaguar Animal Health"
1207 US.JAKK 1 "JAKKS Pacific, Inc."
1208 US.JASN 1 "Jason Industries, Inc."
1209 US.JASO 1 晶澳太阳能
1210 US.JAZZ 1 爵士制药
1211 US.JBHT 1 "JB Hunt运输服务"
1212 US.JBLU 1 捷蓝航空
1213 US.JBSS 1 "John B. Sanfilippo & Son, Inc."
1214 US.JCOM 1 J2全球通信
1215 US.JCS 1 通信系统
1216 US.JCTCF 1 朱伊特卡梅伦贸易
1217 US.JD 1 京东
1218 US.JJSF 1 JJSF食品
1219 US.JKHY 1 杰克亨利
1220 US.JMBA 1 "Jamba, Inc."
1221 US.JMU 1 众美联
1222 US.JNP 1 "Juniper Pharmaceuticals, Inc."
1223 US.JOBS 1 前程无忧
1224 US.JOUT 1 约翰逊户外
1225 US.JRJC 1 金融界
1226 US.JRVR 1 "JAMES RIVER GROUP HOLDINGS  LT"
1227 US.JSYN 1 "Jensyn Acquistion Corp."
1228 US.JTPY 1 "JetPay Corp."
1229 US.JUNO 1 " Juno Therapeutics"
1230 US.JVA 1 "Coffee Holding Co., Inc."
1231 US.JXSB 1 "Jacksonville Bancorp, Inc. (Illinois)"
1232 US.JYNT 1 "The Joint Corp. (United States)"
1233 US.KALU 1 凯撒铝业
1234 US.KALV 1 "KalVista Pharmaceuticals, Inc."
1235 US.KANG 1 爱康国宾
1236 US.KBAL 1 "Kimball International, Inc."
1237 US.KBSF 1 "KBS Fashion Group Ltd."
1238 US.KE 1 "Kimball Electronics, Inc."
1239 US.KELYA 1 凯利服务
1240 US.KELYB 1 凯利服务
1241 US.KEQU 1 基瓦尼科技
1242 US.KERX 1 克律克斯生物制药
1243 US.KEYW 1 KEYW控股
1244 US.KFFB 1 肯塔基第一银行
1245 US.KFRC 1 K力
1246 US.KGJI 1 金凰珠宝
1247 US.KHC 1 卡夫亨氏
1248 US.KIN 1 "Kindred Biosciences, Inc."
1249 US.KINS 1 金石保险
1250 US.KIRK 1 Kirklands家具
1251 US.KLAC 1 科磊
1252 US.KLIC 1 库力索法半导体
1253 US.KLRE 1 "KLR Energy Acquisition Corp."
1254 US.KLXI 1 "KLX, Inc."
1255 US.KMDA 1 "Kamada Ltd."
1256 US.KMPH 1 "KEMPHARM, INC"
1257 US.KNDI 1 康迪车业
1258 US.KNSL 1 "Kinsale Capital Group"
1259 US.KONA 1 科纳烧烤
1260 US.KONE 1 联合信息
1261 US.KOOL 1 热动力医疗
1262 US.KOPN 1 高平电子
1263 US.KOSS 1 高斯电子
1264 US.KPTI 1 "Karyopharm Therapeutics, Inc."
1265 US.KRNT 1 "KORNIT DIGITAL LTD."
1266 US.KRNY 1 卡尼金融储蓄
1267 US.KTCC 1 "Key Tronic Corp."
1268 US.KTEC 1 "Key Technology, Inc."
1269 US.KTOS 1 克瑞拓斯安全防卫
1270 US.KTOV 1 "Kitov Pharmaceuticals Holdings Ltd."
1271 US.KTWO 1 "K2M Group"
1272 US.KURA 1 "KURA ONCOLOGY, INC."
1273 US.KVHI 1 KVH通信
1274 US.LABL 1 "Multi-Color Corp."
1275 US.LAKE 1 雷克兰医疗工业
1276 US.LAMR 1 拉马尔户外广告
1277 US.LANC 1 兰卡斯特食品
1278 US.LAND 1 "Gladstone Land Corp."
1279 US.LARK 1 兰德马克银行
1280 US.LAWS 1 劳森产品
1281 US.LAYN 1 莱尼-克里斯滕森工程
1282 US.LBAI 1 拉扎德银行
1283 US.LBIO 1 "Lion Biotechnologies, Inc."
1284 US.LBIX 1 "Leading Brands, Inc."
1285 US.LBRDA 1 "Liberty Broadband Corp."
1286 US.LBRDK 1 "Liberty Broadband Corp."
1287 US.LBTYA 1 自由全球
1288 US.LBTYB 1 自由全球
1289 US.LBTYK 1 自由全球
1290 US.LCA 1 "Landcadia Holdings, Inc. Class A"
1291 US.LCNB 1 "LCNB Corp."
1292 US.LCUT 1 生活时光品牌家具
1293 US.LE 1 "Lands' End, Inc."
1294 US.LECO 1 林肯电气控股
1295 US.LEDS 1 旭明光电股份有限公司
1296 US.LENS 1 "PRESBIA PLC"
1297 US.LEXEA 1 "Liberty Expedia Holdings, Inc. Series A"
1298 US.LEXEB 1 "Liberty Expedia Holdings, Inc. Series B"
1299 US.LFUS 1 美国力特保险丝
1300 US.LFVN 1 "LifeVantage Corp."
1301 US.LGCY 1 "Legacy Reserves石油勘测"
1302 US.LGIH 1 "LGI Homes, Inc."
1303 US.LGND 1 "Ligand Pharmaceuticals Incorpora"
1304 US.LHCG 1 "LHC Group, Inc."
1305 US.LIFE 1 "Life Technologies"
1306 US.LILA 1 "Liberty Global PLC LiLAC Class A"
1307 US.LILAK 1 "Liberty Global Plc LiLAC"
1308 US.LINC 1 林肯教育服务
1309 US.LIND 1 "Lindblad Expeditions Holdings, Inc."
1310 US.LINK 1 "Interlink Electronics, Inc."
1311 US.LION 1 富达南方银行
1312 US.LITE 1 "Lumentum Holdings Inc. Common Stock When Issued"
1313 US.LIVE 1 "Live Ventures, Inc."
1314 US.LIVN 1 "LivaNova Plc"
1315 US.LJPC 1 "La Jolla Pharmaceutical Co."
1316 US.LKFN 1 莱克兰金融
1317 US.LKQ 1 "LKQ Corp."
1318 US.LLIT 1 "Lianluo Smart Limited"
1319 US.LLNW 1 "Limelight Networks, Inc."
1320 US.LLTC 1 凌力尔特
1321 US.LMAT 1 勒梅特微管医疗
1322 US.LMB 1 "Limbach Holdings, Inc."
1323 US.LMCA 1 自由媒体
1324 US.LMCK 1 "Liberty Media Corporation - Series C"
1325 US.LMFA 1 "LM Funding America, Inc."
1326 US.LMNR 1 "Limoneira Co."
1327 US.LMNX 1 路明克斯
1328 US.LMRK 1 "Landmark Infrastructure Partners"
1329 US.LNCE 1 兰斯
1330 US.LNDC 1 "Landec Corp."
1331 US.LNTH 1 "LANTHEUS HOLDINGS, INC."
1332 US.LOAN 1 曼哈顿大桥投资股份
1333 US.LOB 1 "LIVE OAK BANCSHARES, INC."
1334 US.LOCO 1 "El Pollo Loco Holdings"
1335 US.LOGI 1 罗技
1336 US.LOGM 1 大家来网络
1337 US.LONE 1 "Lonestar Resources Ltd"
1338 US.LOPE 1 大峡谷教育
1339 US.LORL 1 劳拉空间通信
1340 US.LOXO 1 "Loxo Oncology"
1341 US.LPCN 1 "Lipocine, Inc."
1342 US.LPLA 1 "LPL投资控股 "
1343 US.LPNT 1 "LifePoint Health, Inc."
1344 US.LPSN 1 "LivePerson, Inc."
1345 US.LPTH 1 "LightPath Technologies, Inc."
1346 US.LPTN 1 "Lpath Inc"
1347 US.LQDT 1 "Liquidity Services, Inc."
1348 US.LRAD 1 "LRAD Corp."
1349 US.LRCX 1 拉姆研究
1350 US.LSBG 1 "LAKE SUNAPEE BANK GROUP"
1351 US.LSBK 1 莱克肖尔万通金控
1352 US.LSCC 1 莱迪思半导体
1353 US.LSTR 1 莱帝运输
1354 US.LSXMA 1 "Liberty Media Corporation"
1355 US.LSXMB 1 "Liberty Media Corporation"
1356 US.LSXMK 1 "Liberty Media Corporation"
1357 US.LTBR 1 "Lightbridge Corporation"
1358 US.LTEA 1 "Long Island Iced Tea Corp."
1359 US.LTRPA 1 "Liberty TripAdvisor Holdings, Inc."
1360 US.LTRPB 1 "Liberty TripAdvisor Holdings, Inc."
1361 US.LTRX 1 创力
1362 US.LTXB 1 "LegacyTexas Financial Group, Inc."
1363 US.LULU 1 "lululemon athletica, inc."
1364 US.LUNA 1 "Luna Innovations, Inc."
1365 US.LVNTA 1 "Liberty Interactive Corporation Series A"
1366 US.LVNTB 1 "Liberty Interactive Corporation Series B"
1367 US.LWAY 1 来福威食品
1368 US.LXRX 1 莱斯康制药
1369 US.LYTS 1 LSI设备
1370 US.MACK 1 "Merrimack Pharmaceuticals, Inc."
1371 US.MACQ 1 "M I Acquisitions, Inc."
1372 US.MAGS 1 马加尔安全系统
1373 US.MAMS 1 "MAM Software Group, Inc."
1374 US.MANH 1 曼哈顿联合软件
1375 US.MANT 1 美泰科技
1376 US.MAR 1 万豪酒店
1377 US.MARA 1 "Marathon Patent Group, Inc."
1378 US.MARK 1 "Remark Media"
1379 US.MARPS 1 海洋石油投资
1380 US.MASI 1 麦斯莫医疗
1381 US.MAT 1 美国美泰公司
1382 US.MATR 1 "Mattersight Corp."
1383 US.MATW 1 马修国际加工
1384 US.MAYS 1 梅斯物业
1385 US.MB 1 "MINDBODY, INC."
1386 US.MBCN 1 "Middlefield Banc Corp."
1387 US.MBFI 1 MB金融
1388 US.MBII 1 "Marrone Bio Innovations, Inc."
1389 US.MBLX 1 "麦特波利斯材料 (已退市)"
1390 US.MBOT 1 "Microbot Medical, Inc."
1391 US.MBRG 1 米德尔堡金融
1392 US.MBRX 1 "Moleculin Biotech, Inc."
1393 US.MBTF 1 "MBT Financial Corp."
1394 US.MBUU 1 "Malibu Boats, Inc."
1395 US.MBVT 1 "Merchants Bancshares"
1396 US.MBVX 1 "MabVax Therapeutics Holdings, Inc."
1397 US.MBWM 1 莫肯特尔银行
1398 US.MCBC 1 "Macatawa Bank Corp."
1399 US.MCEP 1 "Mid-Con Energy Partners LP"
1400 US.MCFT 1 "MCBC HOLDINGS, INC."
1401 US.MCHP 1 微芯科技
1402 US.MCHX 1 "Marchex, Inc."
1403 US.MCRB 1 "SERES THERAPEUTICS, INC."
1404 US.MCRI 1 "Monarch Casino & Resort, Inc."
1405 US.MCUR 1 Macrocure
1406 US.MDCA 1 "MDC Partners, Inc."
1407 US.MDCO 1 麦迪逊医药
1408 US.MDGL 1 "Madrigal Pharmaceuticals Inc"
1409 US.MDGS 1 "Medigus Ltd."
1410 US.MDLZ 1 亿滋
1411 US.MDM 1 "Mountain Province Diamonds Inc (已退市)"
1412 US.MDRX 1 麦赛斯医药
1413 US.MDSO 1 Medidata解决方案公司
1414 US.MDSY 1 "ModSys International Ltd. - Ordinary Shares"
1415 US.MDVX 1 "Medovex Corp."
1416 US.MDWD 1 "MediWound Ltd."
1417 US.MDXG 1 "MiMedx Group, Inc."
1418 US.MEDP 1 "Medpace Holdings"
1419 US.MEET 1 "The Meet Group, Inc."
1420 US.MEIP 1 "MEI Pharma, Inc."
1421 US.MELI 1 "MercadoLibre, Inc."
1422 US.MELR 1 "Melrose Bancorp, Inc."
1423 US.MEMP 1 "Memorial Production Partners LP"
1424 US.MEOH 1 梅思恩
1425 US.MERC 1 美世国际
1426 US.MESO 1 "MESOBLAST LTD"
1427 US.MFNC 1 "Mackinac Financial Corp."
1428 US.MFRI 1 "MFRI, Inc."
1429 US.MFSF 1 "MutualFirst Financial, Inc."
1430 US.MGCD 1 "MGC Diagnostics Corp."
1431 US.MGEE 1 "MGE Energy Inc"
1432 US.MGI 1 速汇金国际
1433 US.MGIC 1 "Magic Software Enterprises Ltd."
1434 US.MGLN 1 麦哲伦健康服务
1435 US.MGNX 1 "MacroGenics, Inc."
1436 US.MGPI 1 "MGP Ingredients, Inc."
1437 US.MGRC 1 "McGrath RentCorp"
1438 US.MGYR 1 "Magyar Bancorp, Inc."
1439 US.MHLD 1 "Maiden Holdings Ltd."
1440 US.MICT 1 "Micronet Enertec Technologies, Inc."
1441 US.MIDD 1 "The Middleby Corp."
1442 US.MIII 1 "M III Acquisition Corp."
1443 US.MIK 1 "Michaels Companies"
1444 US.MIME 1 "MIMECAST LTD"
1445 US.MIND 1 米奇汗姆租赁
1446 US.MINI 1 "Mobile Mini, Inc."
1447 US.MIRN 1 "MIRNA THERAPEUTICS, INC."
1448 US.MITK 1 "Mitek Systems, Inc."
1449 US.MITL 1 "Mitel Networks Corp."
1450 US.MKSI 1 MKS仪器
1451 US.MKTX 1 "MarketAxess Holdings, Inc."
1452 US.MLAB 1 "Mesa Laboratories, Inc."
1453 US.MLHR 1 赫尔曼米勒
1454 US.MLNK 1 麦迪实软件
1455 US.MLNX 1 迈勒罗斯科技
1456 US.MLVF 1 "Malvern Bancorp, Inc."
1457 US.MMAC 1 "MMA Capital Management LLC"
1458 US.MMLP 1 "Martin Midstream Partners LP"
1459 US.MMSI 1 "Merit Medical Systems, Inc."
1460 US.MMYT 1 "MakeMyTrip Ltd."
1461 US.MNDO 1 思维终端科技
1462 US.MNGA 1 "MagneGas Corp."
1463 US.MNKD 1 曼恩凯德生物医疗
1464 US.MNOV 1 美第奇新星生物技术
1465 US.MNRO 1 "Monro, Inc."
1466 US.MNST 1 怪物饮料
1467 US.MNTA 1 "Momenta Pharmaceuticals, Inc."
1468 US.MNTX 1 "Manitex International, Inc."
1469 US.MOBL 1 MOBL
1470 US.MOFG 1 "MidWestOne Financial Group, Inc."
1471 US.MOMO 1 陌陌
1472 US.MORN 1 晨星信息
1473 US.MOSY 1 正一科技
1474 US.MPAA 1 "Motorcar Parts of America, Inc."
1475 US.MPB 1 "Mid Penn Bancorp, Inc."
1476 US.MPEL 1 新濠博亚娱乐
1477 US.MPET 1 "Magellan Petroleum Corporation"
1478 US.MPWR 1 "Monolithic Power Systems, Inc."
1479 US.MRAM 1 "Everspin Technologies, Inc."
1480 US.MRCY 1 "Mercury Systems, Inc."
1481 US.MRLN 1 "Marlin Business Services Corp."
1482 US.MRNS 1 "Marinus Pharmaceuticals"
1483 US.MRTN 1 马尔登运输
1484 US.MRTX 1 "Mirati Therapeutics, Inc."
1485 US.MRUS 1 "Merus B.V."
1486 US.MRVL 1 迈威尔科技
1487 US.MSBF 1 "MSB Financial Corp."
1488 US.MSBI 1 "MIDLAND STATES BANCORP, INC."
1489 US.MSCC 1 美高森美集成电路
1490 US.MSDI 1 "MONSTER DIGITAL, INC."
1491 US.MSEX 1 米德尔赛克斯水务公司
1492 US.MSFG 1 "MainSource Financial Group, Inc."
1493 US.MSFT 1 微软
1494 US.MSON 1 "Misonix, Inc."
1495 US.MSTR 1 "MicroStrategy, Inc."
1496 US.MTBC 1 "MEDICAL TRANSCRIPTION BILLING"
1497 US.MTCH 1 "MATCH GROUP, INC."
1498 US.MTEX 1 寰泰生技
1499 US.MTFB 1 "Motif Bio plc"
1500 US.MTGE 1 "MTGE Investment Corp."
1501 US.MTLS 1 Materialise
1502 US.MTP 1 "Midatech Pharma Plc"
1503 US.MTRX 1 "Matrix Service Co."
1504 US.MTSC 1 "MTS Systems Corp."
1505 US.MTSI 1 "MACOM Technology Solutions Holdings, Inc."
1506 US.MTSL 1 "MER Telemanagement Solutions Ltd."
1507 US.MU 1 美光科技
1508 US.MVIS 1 维视图像
1509 US.MXIM 1 美信集成
1510 US.MXWL 1 "Maxwell Technologies, Inc."
1511 US.MYGN 1 万基遗传
1512 US.MYL 1 迈兰制药
1513 US.MYOK 1 "MYOKARDIA INC"
1514 US.MYOS 1 "MYOS RENS Technology Inc."
1515 US.MYRG 1 "MYR Group, Inc."
1516 US.MYSZ 1 "My Size, Inc."
1517 US.MZOR 1 "Mazor Robotics Ltd."
1518 US.NAII 1 "Natural Alternatives International, Inc."
1519 US.NAKD 1 "Naked Brand Group, Inc."
1520 US.NANO 1 耐诺
1521 US.NATH 1 "Nathan's Famous, Inc."
1522 US.NATI 1 美国国家仪器
1523 US.NATR 1 天然阳光产品
1524 US.NAUH 1 "National American University Holdings, Inc."
1525 US.NAVG 1 领航者
1526 US.NAVI 1 "Navient Corp"
1527 US.NBIX 1 神经分泌生物科学
1528 US.NBN 1 东北银行
1529 US.NBRV 1 "NABRIVA THERAPEUTICS AG"
1530 US.NBTB 1 "NBT Bancorp Inc"
1531 US.NCBS 1 "Nicolet Bankshares, Inc."
1532 US.NCLH 1 挪威邮轮
1533 US.NCMI 1 "National CineMedia, Inc."
1534 US.NCOM 1 "NATIONAL COMMERCE CORP"
1535 US.NCTY 1 第九城市
1536 US.NDAQ 1 纳斯达克OMX交易所
1537 US.NDLS 1 "Noodles & Co."
1538 US.NDSN 1 "Nordson Corp."
1539 US.NEO 1 "NeoGenomics, Inc."
1540 US.NEOG 1 纽尔真检测
1541 US.NEON 1 "Neonode, Inc."
1542 US.NEOS 1 "NEOS THERAPEUTICS, INC."
1543 US.NEOT 1 Neothetics
1544 US.NEPT 1 "Neptune Technologies & Bioresources, Inc."
1545 US.NERV 1 "Minerva Neurosciences"
1546 US.NETE 1 "Net Element, Inc."
1547 US.NEWS 1 "NewStar Financial, Inc."
1548 US.NEWT 1 "Newtek Business Services Corp."
1549 US.NFBK 1 "Northfield Bancorp, Inc. (New Jersey)"
1550 US.NFEC 1 能发伟业
1551 US.NFLX 1 奈飞
1552 US.NGHC 1 "National General Holdings Corp."
1553 US.NH 1 "NANT HEALTH, LLC"
1554 US.NHLD 1 "National Holdings Corp."
1555 US.NHTC 1 "Natural Health Trends Corp."
1556 US.NICE 1 "NICE Ltd"
1557 US.NICK 1 "Nicholas Financial, Inc."
1558 US.NIHD 1 国家信息基础设施控股
1559 US.NILE 1 蓝色尼罗河
1560 US.NK 1 "NANTKWEST, INC."
1561 US.NKSH 1 "National Bankshares, Inc."
1562 US.NKTR 1 内克塔治疗
1563 US.NLNK 1 "NewLink Genetics Corp."
1564 US.NLST 1 "Netlist, Inc."
1565 US.NMIH 1 "NMI Holdings, Inc."
1566 US.NMRX 1 纳姆热斯通信
1567 US.NNBR 1 "NN, Inc."
1568 US.NNDM 1 "Nano Dimension Ltd."
1569 US.NOVN 1 "Novan, Inc."
1570 US.NOVT 1 "Novanta Inc"
1571 US.NRCIA 1 "National Research Corp."
1572 US.NRCIB 1 "National Research Corp."
1573 US.NRIM 1 "Northrim BanCorp, Inc."
1574 US.NSEC 1 "National Security Group, Inc."
1575 US.NSIT 1 "Insight Enterprises, Inc."
1576 US.NSSC 1 "Napco Security Technologies, Inc."
1577 US.NSTG 1 "NanoString Technologies, Inc."
1578 US.NSYS 1 "Nortech Systems, Inc."
1579 US.NTAP 1 美国网存
1580 US.NTCT 1 网侦系统
1581 US.NTEC 1 "Intec Pharma Ltd."
1582 US.NTES 1 网易
1583 US.NTGR 1 "NETGEAR, Inc."
1584 US.NTIC 1 "Northern Technologies International Cor"
1585 US.NTLA 1 "INTELLIA THERAPEUTICS, INC."
1586 US.NTNX 1 Nutanix
1587 US.NTRA 1 "NATERA, INC."
1588 US.NTRI 1 "Nutrisystem, Inc."
1589 US.NTRS 1 北方信托公司
1590 US.NTWK 1 奈特阳科技
1591 US.NUAN 1 微妙通讯
1592 US.NURO 1 "NeuroMetrix, Inc."
1593 US.NUVA 1 纽瓦索器材
1594 US.NVAX 1 诺瓦瓦克斯医药
1595 US.NVCN 1 "Neovasc, Inc."
1596 US.NVCR 1 "NOVOCURE LTD"
1597 US.NVDA 1 英伟达
1598 US.NVEC 1 "NVE Corp."
1599 US.NVEE 1 "NV5 Global, Inc."
1600 US.NVFY 1 诺华家具有限公司
1601 US.NVGN 1 "Novogen Limited"
1602 US.NVIV 1 "Invivo Therapeutics Holdings Corp."
1603 US.NVLN 1 "Novelion Therapeutics Inc"
1604 US.NVLS 1 诺发系统
1605 US.NVMI 1 "Nova Measuring Instruments Ltd."
1606 US.NVTR 1 "Nuvectra Corporation"
1607 US.NWBI 1 "Northwest Bancshares, Inc. (Pennsylvania)"
1608 US.NWFL 1 "Norwood Financial Corp."
1609 US.NWLI 1 国家西方人寿保险
1610 US.NWPX 1 西北管道
1611 US.NWS 1 新闻集团
1612 US.NWSA 1 新闻集团
1613 US.NXEO 1 "WL Ross Holding Corp."
1614 US.NXPI 1 恩智浦
1615 US.NXST 1 "Nexstar Media Group, Inc."
1616 US.NXTD 1 "Nxt-ID, Inc."
1617 US.NXTM 1 "NxStage Medical, Inc."
1618 US.NYMT 1 纽约抵押信托
1619 US.NYMX 1 "Nymox Pharmaceutical Corp."
1620 US.NYNY 1 "Empire Resorts, Inc."
1621 US.OACQ 1 "Origo Acquisition Corporation"
1622 US.OASM 1 "OASMIA PHARMACEUTICAL AB"
1623 US.OBAS 1 阿贝斯
1624 US.OBCI 1 "Ocean Bio-Chem, Inc."
1625 US.OBLN 1 "Obalon Therapeutics"
1626 US.OCC 1 "Optical Cable Corp."
1627 US.OCFC 1 "OceanFirst Financial Corp."
1628 US.OCLR 1 "Oclaro, Inc."
1629 US.OCUL 1 "Ocular Therapeutix"
1630 US.ODFL 1 "Old Dominion Freight Line, Inc."
1631 US.ODP 1 欧迪办公
1632 US.OESX 1 "Orion Energy Systems, Inc."
1633 US.OFED 1 "Oconee Federal Financial Corp."
1634 US.OFIX 1 "Orthofix International NV"
1635 US.OFLX 1 欧美佳福莱克斯
1636 US.OGXI 1 "OncoGenex Pharmaceuticals Inc"
1637 US.OHGI 1 "One Horizon Group, Inc."
1638 US.OHRP 1 "Ohr Pharmaceutical, Inc."
1639 US.OIIM 1 凹凸科技
1640 US.OKSB 1 "Southwest Bancorp"
1641 US.OLBK 1 "Old Line Bancshares, Inc."
1642 US.OLED 1 "Universal Display Corp."
1643 US.OLLI 1 "OLLIE'S BARGAIN OUTLET HOLDINGS"
1644 US.OMAB 1 北方中心机场
1645 US.OMCL 1 "Omnicell, Inc."
1646 US.OMED 1 "OncoMed Pharmaceuticals, Inc."
1647 US.OMER 1 奥麦罗制药
1648 US.OMEX 1 奥德赛海洋探索
1649 US.ON 1 安森美半导体
1650 US.ONB 1 "Old National Bancorp"
1651 US.ONCE 1 "SPARK THERAPEUTICS  INC."
1652 US.ONCS 1 "OncoSec Medical, Inc."
1653 US.ONS 1 "ONCOBIOLOGICS, INC."
1654 US.ONTX 1 "Onconova Therapeutics, Inc."
1655 US.ONVO 1 "Organovo Holdings, Inc."
1656 US.OPB 1 "Opus Bank"
1657 US.OPGN 1 "OpGen, Inc."
1658 US.OPHC 1 "OptimumBank Holdings, Inc."
1659 US.OPHT 1 "Ophthotech Corp."
1660 US.OPK 1 Opko健康
1661 US.OPOF 1 "Old Point Financial Corp."
1662 US.OPTT 1 "Ocean Power Technologies, Inc."
1663 US.OPXA 1 "Opexa Therapeutics"
1664 US.ORBC 1 ORBCOMM轨道通讯系统
1665 US.ORBK 1 奥宝科技
1666 US.OREX 1 "Orexigen Therapeutics, Inc."
1667 US.ORIG 1 "Ocean Rig UDW, Inc."
1668 US.ORIT 1 "Oritani Financial Corp."
1669 US.ORLY 1 奥莱利
1670 US.ORMP 1 "Oramed Pharmaceuticals Inc."
1671 US.ORPN 1 "Bio Blast Pharma"
1672 US.ORRF 1 "Orrstown Financial Services, Inc."
1673 US.OSBC 1 "Old Second Bancorp, Inc."
1674 US.OSIR 1 "Osiris Therapeutics"
1675 US.OSIS 1 "OSI Systems, Inc."
1676 US.OSN 1 奥盛创新
1677 US.OSTK 1 "Overstock.com, Inc."
1678 US.OSUR 1 奥瑞许科技
1679 US.OTEL 1 "Otelco, Inc."
1680 US.OTEX 1 "Open Text Corp."
1681 US.OTIC 1 Otonomy
1682 US.OTIV 1 "On Track Innovations Ltd."
1683 US.OTTR 1 奥特泰尔
1684 US.OTTW 1 "Ottawa Bancorp, Inc."
1685 US.OVAS 1 "OvaScience, Inc."
1686 US.OVBC 1 俄亥俄河谷银行
1687 US.OVLY 1 橡木谷银行
1688 US.OXBR 1 "Oxbridge Re Holdings Ltd."
1689 US.OXFD 1 "Oxford Immunotec Global Plc"
1690 US.OZRK 1 "Bank of The Ozarks"
1691 US.PAAC 1 "Pacific Special Acquisition Corp"
1692 US.PAAS 1 泛美白银
1693 US.PACB 1 "Pacific Biosciences of California, Inc."
1694 US.PACE 1 "Pace Holdings Corp"
1695 US.PACW 1 "PacWest Bancorp"
1696 US.PAHC 1 "Phibro Animal Health Corp."
1697 US.PARN 1 "Parnell (已退市)"
1698 US.PATI 1 "Patriot Transportation Holding, Inc."
1699 US.PATK 1 "Patrick Industries, Inc."
1700 US.PAVM 1 "PAVmed Inc."
1701 US.PAYX 1 沛齐
1702 US.PBBI 1 "PB Bancorp Inc"
1703 US.PBCT 1 人联金融
1704 US.PBHC 1 "Pathfinder Bancorp, Inc."
1705 US.PBIB 1 "Porter Bancorp"
1706 US.PBIP 1 宾夕法尼亚保德信
1707 US.PBMD 1 "Prima BioMed Ltd"
1708 US.PBNC 1 "Paragon Commercial Corp"
1709 US.PBPB 1 "Potbelly Corp."
1710 US.PBSK 1 "Poage Bankshares"
1711 US.PCAR 1 帕卡
1712 US.PCBK 1 "Pacific Continental Corporation (Ore)"
1713 US.PCH 1 "Potlatch Corp."
1714 US.PCLN 1 普利斯林公司
1715 US.PCMI 1 "PCM, Inc."
1716 US.PCO 1 "Pendrell Corp."
1717 US.PCOM 1 "Points International Ltd."
1718 US.PCRX 1 "Pacira Pharmaceuticals, Inc."
1719 US.PCTI 1 "PCTEL, Inc."
1720 US.PCTY 1 "Paylocity Holding Corp."
1721 US.PCYG 1 "Park City Group, Inc."
1722 US.PCYO 1 "Pure Cycle Corp."
1723 US.PDCE 1 "PDC Energy, Inc."
1724 US.PDCO 1 帕特森
1725 US.PDEX 1 "Pro-Dex, Inc."
1726 US.PDFS 1 "PDF Solutions, Inc."
1727 US.PDLI 1 "PDL BioPharma, Inc."
1728 US.PDVW 1 "Pacific DataVision, Inc."
1729 US.PEBK 1 北加利福尼亚国民银行
1730 US.PEBO 1 "Peoples Bancorp, Inc. (Ohio)"
1731 US.PEGA 1 "Pegasystems, Inc."
1732 US.PEGI 1 "Pattern Energy Group, Inc."
1733 US.PEIX 1 "Pacific Ethanol, Inc."
1734 US.PENN 1 佩恩国民博彩
1735 US.PERF 1 "Perfumania Holdings"
1736 US.PERI 1 "Perion Network Ltd."
1737 US.PERY 1 佩里埃利斯国际
1738 US.PESI 1 佩尔马福克斯环境服务
1739 US.PETS 1 "PetMed Express, Inc."
1740 US.PETX 1 "Aratana Therapeutics, Inc."
1741 US.PFBC 1 保富银行
1742 US.PFBI 1 "Premier Financial Bancorp, Inc."
1743 US.PFBX 1 "Peoples Financial Corp. (Mississippi)"
1744 US.PFIE 1 "Profire Energy, Inc."
1745 US.PFIN 1 "P&F Industries, Inc."
1746 US.PFIS 1 "Peoples Financial Services Corp."
1747 US.PFMT 1 "Performant Financial Corp."
1748 US.PFPT 1 "Proofpoint, Inc."
1749 US.PFSW 1 "PFSweb, Inc."
1750 US.PGC 1 "Peapack-Gladstone Financial Corp."
1751 US.PGLC 1 "Pershing Gold Corp."
1752 US.PGNX 1 普罗基尼克斯制药
1753 US.PGTI 1 "PGT Innovations, Inc."
1754 US.PHII 1 "PHI, Inc."
1755 US.PHIIK 1 "PHI, Inc."
1756 US.PHMD 1 PhotoMedex
1757 US.PI 1 IMPINJ
1758 US.PICO 1 PICO控股
1759 US.PIH 1 "1347 Property Insurance Holdings, Inc."
1760 US.PINC 1 "Premier, Inc. (North Carolina)"
1761 US.PIRS 1 "Pieris Pharmaceuticals, Inc."
1762 US.PKBK 1 帕克合众银行
1763 US.PKOH 1 "Park-Ohio Holdings Corp."
1764 US.PLAB 1 福尼克斯
1765 US.PLAY 1 "Dave & Buster"
1766 US.PLBC 1 "Plumas Bancorp"
1767 US.PLCE 1 "The Children's Place, Inc."
1768 US.PLPC 1 "Preformed Line Products Co."
1769 US.PLPM 1 "Planet Payment, Inc."
1770 US.PLSE 1 "PULSE BIOSCIENCES, INC."
1771 US.PLUG 1 普拉格能源
1772 US.PLUS 1 正羽科技
1773 US.PLXS 1 普雷克萨斯
1774 US.PMBC 1 太平洋商业合众银行
1775 US.PMD 1 "Psychemedics Corp."
1776 US.PME 1 平潭海洋公司
1777 US.PMTS 1 "CPI CARD GROUP INC."
1778 US.PNBK 1 爱国者国家合众银行
1779 US.PNFP 1 "Pinnacle Financial Partners, Inc."
1780 US.PNK 1 "Pinnacle Entertainment, Inc."
1781 US.PNRG 1 "PrimeEnergy Corp."
1782 US.PNTR 1 "Pointer Telocation Ltd."
1783 US.PODD 1 "Insulet Corp."
1784 US.POLA 1 "Polar Power"
1785 US.POOL 1 "Pool Corp."
1786 US.POPE 1 "Pope Resources LP"
1787 US.POWI 1 帕沃英蒂格盛
1788 US.POWL 1 "Powell Industries, Inc."
1789 US.PPBI 1 太平洋第一合众银行
1790 US.PPC 1 "Pilgrim's Pride Corp."
1791 US.PPHM 1 "Peregrine Pharmaceuticals, Inc."
1792 US.PPSI 1 "Pioneer Power Solutions, Inc."
1793 US.PRAA 1 "PRA Group, Inc."
1794 US.PRAH 1 "PRA Health Sciences"
1795 US.PRAN 1 Prana生物工艺
1796 US.PRCP 1 "Perceptron, Inc."
1797 US.PRFT 1 "Perficient, Inc."
1798 US.PRGS 1 "Progress Software Corp."
1799 US.PRGX 1 "PRGX Global, Inc."
1800 US.PRIM 1 "Primoris Services Corp."
1801 US.PRKR 1 "ParkerVision, Inc."
1802 US.PRMW 1 "Primo Water Corp."
1803 US.PROV 1 "Provident Financial Holdings, Inc."
1804 US.PRPH 1 "ProPhase Labs, Inc."
1805 US.PRQR 1 "ProQR Therapeutics B.V."
1806 US.PRSC 1 "Providence Service Corp."
1807 US.PRSS 1 "CafePress, Inc."
1808 US.PRTA 1 "Prothena Corp. Plc"
1809 US.PRTK 1 "Paratek Pharmaceuticals, Inc."
1810 US.PRTO 1 "Proteon Therapeutics"
1811 US.PRTS 1 "U.S. Auto Parts Network, Inc."
1812 US.PRZM 1 "Prism Technologies Group, Inc."
1813 US.PSDV 1 "pSivida Corp."
1814 US.PSIX 1 "Power Solutions International, Inc."
1815 US.PSMT 1 普尔斯玛特
1816 US.PSTB 1 "Park Sterling Corporation"
1817 US.PSTI 1 "Pluristem Therapeutics, Inc."
1818 US.PTC 1 "Par Technology "
1819 US.PTCT 1 "PTC Therapeutics, Inc."
1820 US.PTEN 1 "Patterson-UTI Energy, Inc."
1821 US.PTGX 1 "Protagonist Therapeutics"
1822 US.PTI 1 "Proteostasis Therapeutics, Inc."
1823 US.PTIE 1 疼痛治疗
1824 US.PTLA 1 "Portola Pharmaceuticals, Inc."
1825 US.PTNR 1 "Partner Communications Co. Ltd."
1826 US.PTSI 1 "P.A.M. Transportation Services, Inc."
1827 US.PTX 1 "Pernix Therapeutics Holdings, Inc."
1828 US.PUB 1 "PEOPLE'S UTAH BANCORP"
1829 US.PULM 1 "Pulmatrix, Inc."
1830 US.PVBC 1 "Provident Bancorp, Inc."
1831 US.PVTB 1 私人银行
1832 US.PWOD 1 "Penns Woods Bancorp, Inc."
1833 US.PXLW 1 美国像素
1834 US.PXS 1 "Pyxis Tankers Inc"
1835 US.PYDS 1 "Payment Data Systems, Inc."
1836 US.PYPL 1 PayPal
1837 US.PZRX 1 "PHASERX, INC."
1838 US.PZZA 1 "Papa John's International, Inc."
1839 US.QADA 1 "QAD, Inc."
1840 US.QADB 1 "QAD, Inc."
1841 US.QBAK 1 扩斯达
1842 US.QCOM 1 高通
1843 US.QCRH 1 "QCR Holdings, Inc."
1844 US.QDEL 1 "Quidel Corp."
1845 US.QGEN 1 快而精医药
1846 US.QIWI 1 "Qiwi Plc"
1847 US.QLYS 1 科力斯
1848 US.QNST 1 "QuinStreet, Inc."
1849 US.QPAC 1 "Quinpario Acquisiton corp."
1850 US.QRHC 1 "Quest Resource Holding Corp."
1851 US.QRVO 1 "Qorvo, Inc."
1852 US.QSII 1 "Quality Systems, Inc."
1853 US.QTNA 1 "Quantenna Communications"
1854 US.QTNT 1 "Quotient Ltd."
1855 US.QUIK 1 快辑半导体
1856 US.QUMU 1 "Qumu Corp."
1857 US.QURE 1 "uniQure NV"
1858 US.QVCA 1 "Liberty Interactive Corp."
1859 US.QVCB 1 "Liberty Interactive Corp."
1860 US.RADA 1 "Rada Electronic Industries Ltd."
1861 US.RAIL 1 "FreightCar America, Inc."
1862 US.RARE 1 "Ultragenyx Pharmaceutical, Inc."
1863 US.RARX 1 "Ra Pharmaceuticals"
1864 US.RAVE 1 "Rave Restaurant Group, Inc."
1865 US.RAVN 1 "Raven Industries"
1866 US.RBCAA 1 "Republic Bancorp, Inc. (Kentucky)"
1867 US.RBCN 1 卢比肯科技
1868 US.RBPAA 1 宾夕法尼亚皇家银行
1869 US.RCII 1 "Rent-A-Center, Inc."
1870 US.RCKY 1 "Rocky Brands, Inc."
1871 US.RCMT 1 "RCM Technologies, Inc."
1872 US.RCON 1 研控科技
1873 US.RDCM 1 "RADCOM Ltd."
1874 US.RDHL 1 "RedHill Biopharma Ltd."
1875 US.RDI 1 "Reading International, Inc."
1876 US.RDIB 1 "Reading International, Inc."
1877 US.RDNT 1 "RadNet, Inc."
1878 US.RDUS 1 "Radius Health"
1879 US.RDWR 1 "Radware Ltd."
1880 US.RECN 1 "Resources Connection, Inc."
1881 US.REFR 1 "Research Frontiers, Inc."
1882 US.REGI 1 "Renewable Energy Group, Inc."
1883 US.REGN 1 再生元制药公司
1884 US.REIS 1 "Reis, Inc."
1885 US.RELL 1 理查森电子
1886 US.RELV 1 "Reliv International, Inc."
1887 US.RELY 1 "REAL INDUSTRY INC"
1888 US.REPH 1 "Recro Pharma, Inc."
1889 US.RESN 1 "Resonant, Inc."
1890 US.RETA 1 "REATA PHARMACEUTICALS INC"
1891 US.REXX 1 "Rex Energy Corp."
1892 US.RFIL 1 "RF Industries Ltd."
1893 US.RGCO 1 "RGC Resources, Inc."
1894 US.RGEN 1 "Repligen Corp."
1895 US.RGLD 1 皇家黄金
1896 US.RGLS 1 "Regulus Therapeutics, Inc."
1897 US.RGNX 1 "REGENXBIO INC."
1898 US.RGSE 1 "Real Goods Solar, Inc."
1899 US.RIBT 1 "RiceBran Technologies"
1900 US.RICK 1 "RCI Hospitality Holdings, Inc."
1901 US.RIGL 1 "Rigel Pharmaceuticals, Inc."
1902 US.RILY 1 "B. Riley Financial, Inc."
1903 US.RKDA 1 "ARCADIA BIOSCIENCES, INC."
1904 US.RLJE 1 "RLJ Entertainment, Inc."
1905 US.RLOG 1 "Rand Logistics, Inc."
1906 US.RMBS 1 "Rambus, Inc."
1907 US.RMCF 1 洛矶山巧克力工厂
1908 US.RMGN 1 "RMG Networks Holding Corp."
1909 US.RMR 1 "RMR Group, Inc."
1910 US.RMTI 1 "Rockwell Medical, Inc."
1911 US.RNDB 1 "Randolph Bancorp Inc"
1912 US.RNET 1 "RigNet, Inc."
1913 US.RNST 1 "Renasant Corp."
1914 US.RNVA 1 "Rennova Health, Inc."
1915 US.RNWK 1 "RealNetworks, Inc."
1916 US.ROCK 1 "Gibraltar Industries, Inc."
1917 US.ROIA 1 第一电台
1918 US.ROIAK 1 第一电台
1919 US.ROIC 1 "Retail Opportunity Investments Corp."
1920 US.ROKA 1 "Roka Bioscience"
1921 US.ROLL 1 RBC轴承
1922 US.ROSG 1 "Rosetta Genomics Ltd."
1923 US.ROST 1 罗斯百货
1924 US.RP 1 "RealPage, Inc."
1925 US.RPD 1 "RAPID7, INC."
1926 US.RPRX 1 "Repros Therapeutics, Inc."
1927 US.RPXC 1 "RPX Corp."
1928 US.RRGB 1 "Red Robin Gourmet Burgers, Inc."
1929 US.RRR 1 "Red Rock Resorts, Inc. Class A Common Stock"
1930 US.RSYS 1 "RadiSys Corp."
1931 US.RTIX 1 RTI医疗设备
1932 US.RTK 1 "Rentech Inc"
1933 US.RTNB 1 "root9B Holdings, Inc."
1934 US.RTRX 1 "Retrophin, Inc."
1935 US.RTTR 1 "RITTER PHARMACEUTICALS INC"
1936 US.RUN 1 "SUNRUN INC."
1937 US.RUSHA 1 "Rush Enterprises, Inc."
1938 US.RUSHB 1 "Rush Enterprises"
1939 US.RUTH 1 "Ruth's Hospitality Group, Inc."
1940 US.RVEN 1 "Reven Housing REIT, Inc."
1941 US.RVLT 1 "Revolution Lighting Technologies, Inc."
1942 US.RVNC 1 "Revance Therapeutics, Inc."
1943 US.RVSB 1 "Riverview Bancorp, Inc."
1944 US.RWLK 1 "ReWalk Robotics"
1945 US.RXDX 1 "Ignyta, Inc."
1946 US.RXII 1 "RXi Pharmaceuticals Corp."
1947 US.RYAAY 1 "Ryanair Holdings Plc"
1948 US.SABR 1 "Sabre Corporation"
1949 US.SAEX 1 "SAExploration Holdings, Inc."
1950 US.SAFM 1 "Sanderson Farms, Inc."
1951 US.SAFT 1 "Safety Insurance Group, Inc."
1952 US.SAGE 1 "Sage Therapeutics"
1953 US.SAIA 1 "Saia, Inc."
1954 US.SAL 1 "Salisbury Bancorp, Inc."
1955 US.SALM 1 "Salem Media Group, Inc."
1956 US.SAMG 1 "Silvercrest Asset Management Group, Inc."
1957 US.SANM 1 新美亚电子
1958 US.SANW 1 "S&W Seed Co."
1959 US.SASR 1 "Sandy Spring Bancorp, Inc."
1960 US.SATS 1 回声星通信
1961 US.SAUC 1 "Diversified Restaurant Holdings, Inc."
1962 US.SAVE 1 "Spirit Airlines, Inc."
1963 US.SBAC 1 SBA通信公司
1964 US.SBBP 1 "STRONGBRIDGE BIOPHARMA PLC"
1965 US.SBBX 1 苏塞克斯银行
1966 US.SBCF 1 "Seacoast Banking Corp. of Florida"
1967 US.SBCP 1 "Sunshine Bancorp, Inc."
1968 US.SBFG 1 "SB Financial Group, Inc."
1969 US.SBGI 1 "Sinclair Broadcast Group, Inc."
1970 US.SBLK 1 "Star Bulk Carriers Corp."
1971 US.SBNY 1 "Signature Bank"
1972 US.SBOT 1 "Stellar Biotechnologies, Inc."
1973 US.SBPH 1 "Spring Bank Pharmaceuticals"
1974 US.SBRA 1 "Sabra Health Care REIT, Inc."
1975 US.SBSA 1 西班牙广播系统
1976 US.SBSI 1 "Southside Bancshares, Inc."
1977 US.SBUX 1 星巴克
1978 US.SCAC 1 "Saban Capital Acquisition Corp. Class A Ordinary Share"
1979 US.SCAI 1 "SURGICAL CARE AFFILIATES INC COM"
1980 US.SCHL 1 学乐集团
1981 US.SCHN 1 史尼泽钢铁
1982 US.SCKT 1 "Socket Mobile, Inc."
1983 US.SCMP 1 "Sucampo Pharmaceuticals, Inc."
1984 US.SCON 1 超导技术
1985 US.SCOR 1 康姆斯克
1986 US.SCSC 1 "ScanSource, Inc."
1987 US.SCSS 1 "Select Comfort Corporation"
1988 US.SCVL 1 "Shoe Carnival, Inc."
1989 US.SCWX 1 "SECUREWORKS CORP"
1990 US.SCYX 1 "SCYNEXIS, Inc."
1991 US.SEAC 1 "SeaChange International, Inc."
1992 US.SEDG 1 "SOLAREDGE TECHNOLOGIES INC"
1993 US.SEED 1 奥瑞金种业
1994 US.SEIC 1 "SEI Investments Co."
1995 US.SELB 1 "SELECTA BIOSCIENCES INC"
1996 US.SELF 1 "Global Self Storage Inc"
1997 US.SENEA 1 "Seneca Foods Corp."
1998 US.SENEB 1 "Seneca Foods Corp."
1999 US.SFBC 1 "Sound Financial Bancorp"
2000 US.SFBS 1 "ServisFirst Bancshares"
2001 US.SFLY 1 "Shutterfly, Inc."
2002 US.SFM 1 "Sprouts Farmers Market Inc"
2003 US.SFNC 1 "Simmons First National Corporati"
2004 US.SFST 1 "Southern First Bancshares, Inc."
2005 US.SGBK 1 "Stonegate Bank"
2006 US.SGC 1 "Superior Uniform Group, Inc."
2007 US.SGEN 1 "Seattle Genetics, Inc."
2008 US.SGMA 1 喜玛庆国际
2009 US.SGMO 1 "Sangamo Therapeutics, Inc."
2010 US.SGMS 1 美彩科技
2011 US.SGNL 1 "SIGNAL GENETICS LLC"
2012 US.SGOC 1 上为集团
2013 US.SGRP 1 "SPAR Group, Inc."
2014 US.SGRY 1 "SURGERY PARTNERS, INC."
2015 US.SGYP 1 "Synergy Pharmaceuticals, Inc."
2016 US.SHBI 1 "Shore Bancshares, Inc."
2017 US.SHEN 1 "Shenandoah Telecommunications Co. (Virginia)"
2018 US.SHIP 1 "Seanergy Maritime Holdings Corp."
2019 US.SHLD 1 西尔斯
2020 US.SHLM 1 舒曼
2021 US.SHLO 1 "Shiloh Industries, Inc."
2022 US.SHOO 1 史蒂夫·马登
2023 US.SHOS 1 "Sears Hometown & Outlet Stores, Inc."
2024 US.SHPG 1 夏尔制药公司
2025 US.SHSP 1 "SharpSpring, Inc."
2026 US.SIEB 1 "Siebert Financial Corp."
2027 US.SIEN 1 Sientra
2028 US.SIFI 1 "SI Financial Group, Inc."
2029 US.SIFY 1 "Sify Technologies Ltd."
2030 US.SIGI 1 "Selective Insurance Group, Inc."
2031 US.SIGM 1 西格玛设计
2032 US.SILC 1 矽晶电信
2033 US.SIMO 1 慧荣科技
2034 US.SINA 1 新浪
2035 US.SINO 1 中环球船务
2036 US.SIR 1 "Select Income REIT"
2037 US.SIRI 1 "Sirius XM Holdings, Inc."
2038 US.SITO 1 "SITO Mobile Ltd."
2039 US.SIVB 1 硅谷银行
2040 US.SKIS 1 "Peak Resorts"
2041 US.SKLN 1 "Skyline Medical, Inc."
2042 US.SKYS 1 天华阳光
2043 US.SKYW 1 西空航空
2044 US.SLAB 1 芯科实验室
2045 US.SLCT 1 "Select Bancorp, Inc."
2046 US.SLGN 1 西尔格控股公司
2047 US.SLM 1 学贷美
2048 US.SLP 1 "Simulations Plus, Inc."
2049 US.SMBC 1 "Southern Missouri Bancorp, Inc."
2050 US.SMBK 1 "SmartFinancial, Inc."
2051 US.SMCI 1 超微电脑
2052 US.SMED 1 "Sharps Compliance Corp."
2053 US.SMIT 1 "Schmitt Industries, Inc."
2054 US.SMMF 1 "Summit Financial Group, Inc. (West Virginia)"
2055 US.SMMT 1 "Summit Therapeutics Plc"
2056 US.SMRT 1 "Stein Mart, Inc."
2057 US.SMSI 1 "Smith Micro Software, Inc."
2058 US.SMTC 1 先科电子
2059 US.SMTX 1 "SMTC Corp."
2060 US.SNBC 1 "Sun Bancorp, Inc. (New Jersey)"
2061 US.SNCR 1 "Synchronoss Technologies, Inc."
2062 US.SND 1 "Smart Sand, Inc."
2063 US.SNDE 1 "Sundance Energy Australia Limited American Depositary Shares"
2064 US.SNDX 1 "Syndax Pharmaceuticals, Inc."
2065 US.SNES 1 SenesTech
2066 US.SNFCA 1 "Security National Financial Corp."
2067 US.SNGX 1 "Soligenix, Inc."
2068 US.SNH 1 "Senior Housing Properties Trust"
2069 US.SNHY 1 "Sun Hydraulics Corp."
2070 US.SNI 1 史奎普斯
2071 US.SNMX 1 塞诺米克斯
2072 US.SNOA 1 "Sonoma Pharmaceuticals, Inc."
2073 US.SNPS 1 新思科技
2074 US.SNSS 1 "Sunesis Pharmaceuticals, Inc."
2075 US.SODA 1 "SodaStream International Ltd."
2076 US.SOFO 1 "Sonic Foundry, Inc."
2077 US.SOHO 1 "Sotherly Hotels, Inc."
2078 US.SOHU 1 搜狐
2079 US.SONA 1 "Southern National Bancorp of Virginia, Inc."
2080 US.SONC 1 "Sonic Corp."
2081 US.SONS 1 圣思网络
2082 US.SORL 1 SORL汽车零部件公司
2083 US.SP 1 "SP Plus Corp."
2084 US.SPAR 1 "Spartan Motors"
2085 US.SPCB 1 "SuperCom Ltd."
2086 US.SPEX 1 "Spherix, Inc."
2087 US.SPHS 1 "Sophiris Bio, Inc."
2088 US.SPI 1 "SPI Energy Co Ltd"
2089 US.SPIL 1 矽品
2090 US.SPKE 1 "Spark Energy"
2091 US.SPLK 1 "Splunk, Inc."
2092 US.SPNE 1 "SeaSpine Holdings Corp."
2093 US.SPNS 1 "Sapiens International Corp. NV"
2094 US.SPOK 1 "Spok Holdings, Inc."
2095 US.SPPI 1 "Spectrum Pharmaceuticals, Inc."
2096 US.SPRT 1 "Support.com, Inc."
2097 US.SPSC 1 "SPS Commerce, Inc."
2098 US.SPTN 1 "SpartanNash Co."
2099 US.SPU 1 天人果汁
2100 US.SPWH 1 "Sportsmans Warehouse Holdings"
2101 US.SPWR 1 SunPower
2102 US.SQBG 1 "Sequential Brands Group, Inc."
2103 US.SRAX 1 "Social Reality, Inc. Class A"
2104 US.SRCE 1 "1st Source Corp."
2105 US.SRCL 1 消毒循环
2106 US.SRDX 1 "SurModics, Inc."
2107 US.SREV 1 "ServiceSource International, Inc."
2108 US.SRNE 1 "Sorrento Therapeutics, Inc."
2109 US.SRPT 1 "Sarepta Therapeutics, Inc."
2110 US.SRTS 1 "Sensus Healthcare, Inc."
2111 US.SSB 1 "South State Corp."
2112 US.SSBI 1 "Summit State Bank (California)"
2113 US.SSFN 1 "Stewardship Financial Corp."
2114 US.SSH 1 "Sunshine Heart Inc"
2115 US.SSKN 1 "Strata Skin Sciences Inc"
2116 US.SSNC 1 "SS&C Technologies Holdings"
2117 US.SSRI 1 "Silver Standard Resources Inc"
2118 US.SSYS 1 Stratasys
2119 US.STAA 1 "STAAR Surgical Co."
2120 US.STAF 1 "Staffing 360 Solutions, Inc."
2121 US.STB 1 "Student Transportation, Inc."
2122 US.STBA 1 "S&T Bancorp, Inc."
2123 US.STBZ 1 "State Bank Financial Corp."
2124 US.STDY 1 "STEADYMED LTD."
2125 US.STFC 1 "State Auto Financial Corp."
2126 US.STKL 1 "SunOpta, Inc."
2127 US.STKS 1 "The ONE Group Hospitality, Inc."
2128 US.STLD 1 "Steel Dynamics, Inc."
2129 US.STLR 1 "Stellar Acquisition III Inc."
2130 US.STLY 1 "Stanley Furniture Co., Inc."
2131 US.STML 1 "Stemline Therapeutics, Inc."
2132 US.STMP 1 "Stamps.com, Inc."
2133 US.STRA 1 "Strayer Education, Inc."
2134 US.STRL 1 "Sterling Construction Company Inc"
2135 US.STRM 1 "Streamline Health Solutions, Inc."
2136 US.STRS 1 "Stratus Properties, Inc."
2137 US.STRT 1 "STRATTEC Security Corp."
2138 US.STX 1 希捷科技
2139 US.SUMR 1 "Summer Infant, Inc."
2140 US.SUNW 1 "Sunworks, Inc."
2141 US.SUPN 1 "Supernus Pharmaceuticals, Inc."
2142 US.SVA 1 科兴生物
2143 US.SVBI 1 "Severn Bancorp, Inc."
2144 US.SWHC 1 "史密斯威森 (已退市)"
2145 US.SWIR 1 "Sierra Wireless, Inc."
2146 US.SWKS 1 思佳讯
2147 US.SYBT 1 "Stock Yards Bancorp, Inc."
2148 US.SYKE 1 赛科斯企业
2149 US.SYMC 1 赛门铁克
2150 US.SYMX 1 美国综合能源系统公司
2151 US.SYNA 1 "Synaptics, Inc."
2152 US.SYNC 1 "Synacor, Inc."
2153 US.SYNL 1 "Synalloy Corp."
2154 US.SYNT 1 Syntel
2155 US.SYPR 1 "Sypris Solutions, Inc."
2156 US.SYRS 1 "SYROS PHARMACEUTICALS, INC."
2157 US.SYRX 1 "Sysorex Global Holding Corp."
2158 US.TA 1 "TravelCenters of America LLC"
2159 US.TACO 1 "Del Taco Restaurants Inc"
2160 US.TACT 1 "TransAct Technologies, Inc."
2161 US.TAIT 1 "Taitron Components, Inc."
2162 US.TANH 1 "Tantech Holdings Ltd."
2163 US.TASR 1 "TASER International"
2164 US.TAST 1 "Carrols Restaurant Group, Inc."
2165 US.TATT 1 "TAT Technologies Ltd."
2166 US.TAX 1 "Liberty Tax, Inc."
2167 US.TAYD 1 "Taylor Devices, Inc."
2168 US.TBBK 1 "The Bancorp, Inc. (Delaware)"
2169 US.TBIO 1 "TRANSGENOMIC INC"
2170 US.TBK 1 "Triumph Bancorp"
2171 US.TBNK 1 "Territorial Bancorp, Inc."
2172 US.TBPH 1 "Theravance Biopharma, Inc."
2173 US.TCBI 1 "Texas Capital Bancshares, Inc."
2174 US.TCBK 1 "TriCo Bancshares"
2175 US.TCCO 1 "Technical Communications Corp."
2176 US.TCFC 1 "The Community Financial Corp. (Maryland)"
2177 US.TCMD 1 "TACTILE SYSTEMS TECHNOLOGY INC"
2178 US.TCON 1 "TRACON PHARMACEUTICALS  INC."
2179 US.TCX 1 "Tucows, Inc."
2180 US.TEAM 1 "ATLASSIAN CORP PLC"
2181 US.TEAR 1 "TearLab Corp."
2182 US.TECD 1 美国技术数据公司
2183 US.TECH 1 "Bio-Techne Corp."
2184 US.TEDU 1 达内科技
2185 US.TENX 1 "Tenax Therapeutics, Inc."
2186 US.TERP 1 "TerraForm Power"
2187 US.TESO 1 特斯科公司
2188 US.TESS 1 特斯科技术
2189 US.TFSL 1 "TFS Financial Corp."
2190 US.TGA 1 "TransGlobe Energy Corp."
2191 US.TGEN 1 "Tecogen, Inc."
2192 US.TGLS 1 "Tecnoglass, Inc."
2193 US.TGTX 1 "TG Therapeutics, Inc."
2194 US.THFF 1 "First Financial Corp. (Indiana)"
2195 US.THLD 1 海槛制药
2196 US.THRM 1 "Gentherm, Inc."
2197 US.THST 1 "Truett-Hurst, Inc."
2198 US.TIG 1 "TiGenix NV"
2199 US.TIL 1 "Till Capital Ltd."
2200 US.TILE 1 "Interface, Inc."
2201 US.TINY 1 "Harris & Harris Group"
2202 US.TIPT 1 "Tiptree Inc. Class A"
2203 US.TISA 1 "Top Image Systems Ltd."
2204 US.TITN 1 "Titan Machinery, Inc."
2205 US.TIVO 1 "TiVo Inc"
2206 US.TKAI 1 "Tokai Pharmaceuticals"
2207 US.TLF 1 "Tandy Leather Factory, Inc."
2208 US.TLGT 1 "Teligent, Inc."
2209 US.TLND 1 "Talend SA"
2210 US.TMUS 1 "T-Mobile US Inc"
2211 US.TNAV 1 "TeleNav, Inc."
2212 US.TNDM 1 "Tandem Diabetes Care, Inc."
2213 US.TNGO 1 Tangoe
2214 US.TNXP 1 "Tonix Pharmaceuticals Holding Corp."
2215 US.TOPS 1 "Top Ships, Inc."
2216 US.TORM 1 "TOR Minerals International, Inc."
2217 US.TOUR 1 途牛
2218 US.TOWN 1 TowneBank
2219 US.TPIC 1 "TPI Composites"
2220 US.TPIV 1 "TapImmune, Inc."
2221 US.TRCB 1 "Two River Bancorp"
2222 US.TRCH 1 "Torchlight Energy Resources, Inc."
2223 US.TREE 1 "LendingTree, Inc."
2224 US.TRHC 1 "Tabula Rasa Healthcare, Inc."
2225 US.TRIB 1 "Trinity Biotech Plc"
2226 US.TRIL 1 "Trillium Therapeutics, Inc."
2227 US.TRIP 1 旅行顾问
2228 US.TRMB 1 天宝导航公司
2229 US.TRMK 1 "Trustmark Corp."
2230 US.TRNC 1 "tronc Inc"
2231 US.TRNS 1 "Transcat, Inc."
2232 US.TROV 1 "TrovaGene, Inc."
2233 US.TROW 1 罗派斯
2234 US.TRS 1 瑞奇包装系统
2235 US.TRST 1 "TrustCo Bank Corp. NY"
2236 US.TRUE 1 TrueCar
2237 US.TRUP 1 "Trupanion, Inc."
2238 US.TRVG 1 "travel B.V. (trivago N.V.)"
2239 US.TRVN 1 "Trevena, Inc."
2240 US.TSBK 1 "Timberland Bancorp, Inc. (Washington)"
2241 US.TSC 1 "TriState Capital Holdings, Inc."
2242 US.TSCO 1 拖拉机供应公司
2243 US.TSEM 1 "Tower Semiconductor Ltd."
2244 US.TSLA 1 特斯拉
2245 US.TSRI 1 TSR软件
2246 US.TSRO 1 "TESARO, Inc."
2247 US.TST 1 "TheStreet, Inc."
2248 US.TTD 1 "The Trade Desk"
2249 US.TTEC 1 "TeleTech Holdings, Inc."
2250 US.TTEK 1 "Tetra Tech, Inc."
2251 US.TTGT 1 "TechTarget, Inc."
2252 US.TTMI 1 TTM科技
2253 US.TTNP 1 "Titan Pharmaceuticals, Inc."
2254 US.TTOO 1 "T2 Biosystems"
2255 US.TTPH 1 "Tetraphase Pharmaceuticals, Inc."
2256 US.TTS 1 "Tile Shop Holdings, Inc."
2257 US.TTWO 1 "Take-Two Interactive Software"
2258 US.TUES 1 "Tuesday Morning Corp."
2259 US.TUSK 1 "Mammoth Energy Services"
2260 US.TVIA 1 "TerraVia Holdings, Inc."
2261 US.TWIN 1 "Twin Disc, Inc."
2262 US.TWMC 1 "Trans World Entertainment Corp."
2263 US.TWNK 1 "Hostess Brands, Inc. Class A"
2264 US.TWOU 1 "2U, Inc."
2265 US.TXN 1 德州仪器
2266 US.TXRH 1 德州公路酒吧
2267 US.TYHT 1 "Shineco, Inc."
2268 US.TYPE 1 蒙泰图像
2269 US.TZOO 1 "Travelzoo Inc."
2270 US.UBCP 1 联合合众银行
2271 US.UBFO 1 "United Security Bancshares (California)"
2272 US.UBNK 1 "United Financial Bancorp, Inc."
2273 US.UBNT 1 厄比奎蒂
2274 US.UBOH 1 联合货币中心银行
2275 US.UBSH 1 "Union First Market Bankshares Co"
2276 US.UBSI 1 联合银行
2277 US.UCBA 1 "United Community Bancorp (Indiana)"
2278 US.UCBI 1 "United Community Banks, Inc."
2279 US.UCFC 1 "United Community Financial Corp."
2280 US.UCTT 1 超科林半导体
2281 US.UEIC 1 "Universal Electronics Inc"
2282 US.UEPS 1 "Net 1 U.E.P.S. Technologies, Inc."
2283 US.UFCS 1 "United Fire Group, Inc."
2284 US.UFPI 1 "Universal Forest Products, Inc."
2285 US.UFPT 1 "UFP Technologies, Inc."
2286 US.UG 1 "United-Guardian, Inc."
2287 US.UHAL 1 AMERCO
2288 US.UIHC 1 "United Insurance Holdings Corp."
2289 US.ULBI 1 "Ultralife Corp."
2290 US.ULH 1 "Universal Logistics Holdings, Inc."
2291 US.ULTA 1 Ulta美容产品公司
2292 US.ULTI 1 "The Ultimate Software Group, Inc."
2293 US.UMBF 1 UMB金融
2294 US.UMPQ 1 "Umpqua Holdings Corp."
2295 US.UNAM 1 "Unico American Corp."
2296 US.UNB 1 联合银行
2297 US.UNFI 1 "United Natural Foods, Inc."
2298 US.UNIS 1 "Unilife Corporation"
2299 US.UNTY 1 联合银行
2300 US.UNXL 1 Uni-Pixel
2301 US.UPLD 1 "Upland Software"
2302 US.URBN 1 都市服饰
2303 US.URRE 1 "Uranium Resources"
2304 US.USAK 1 "USA Truck, Inc."
2305 US.USAP 1 通用不锈钢和合金制品公司
2306 US.USAT 1 全美科技
2307 US.USCR 1 "U.S. Concrete, Inc."
2308 US.USEG 1 美国能源
2309 US.USLM 1 "United States Lime & Minerals, Inc."
2310 US.UTEK 1 超科技半导体
2311 US.UTHR 1 美国联合医疗公司
2312 US.UTMD 1 犹他医疗产品
2313 US.UTSI 1 UT斯达康
2314 US.UVSP 1 宾夕法尼亚裕益银行
2315 US.VALU 1 "Value Line, Inc."
2316 US.VASC 1 "Vascular Solutions"
2317 US.VBFC 1 农村金融信托银行
2318 US.VBIV 1 "VBI Vaccines, Inc."
2319 US.VBLT 1 "Vascular Biogenics Ltd."
2320 US.VBTX 1 "Veritex Holdings"
2321 US.VCEL 1 "Vericel Corp."
2322 US.VCYT 1 "Veracyte, Inc."
2323 US.VDSI 1 "VASCO Data Security International, Inc."
2324 US.VDTH 1 "Videocon d2h Ltd."
2325 US.VECO 1 "Veeco Instruments, Inc."
2326 US.VIA 1 维亚康姆
2327 US.VIAB 1 维亚康姆
2328 US.VIAV 1 "Viavi Solutions, Inc."
2329 US.VICL 1 "Vical, Inc."
2330 US.VICR 1 "Vicor Corp."
2331 US.VIP 1 "VimpelCom Ltd ADS"
2332 US.VIRC 1 "Virco Manufacturing Corp."
2333 US.VIRT 1 "VIRTU FINANCIAL, INC."
2334 US.VIVE 1 "Viveve Medical"
2335 US.VIVO 1 "Meridian Bioscience, Inc."
2336 US.VKTX 1 "Viking Therapeutics"
2337 US.VLGEA 1 "Village Super Market, Inc."
2338 US.VNDA 1 "Vanda Pharmaceuticals, Inc."
2339 US.VNET 1 世纪互联
2340 US.VNOM 1 "Viper Energy"
2341 US.VNR 1 "Vanguard Natural Resources LLC"
2342 US.VOD 1 沃达丰
2343 US.VOXX 1 奥迪富斯
2344 US.VRA 1 "Vera Bradley, Inc."
2345 US.VRAY 1 "VIEWRAY INC"
2346 US.VRML 1 "Vermillion, Inc."
2347 US.VRNS 1 "Varonis Systems, Inc."
2348 US.VRNT 1 "Verint Systems, Inc."
2349 US.VRSK 1 "Verisk Analytics, Inc."
2350 US.VRSN 1 威瑞信
2351 US.VRTB 1 威斯廷二号不动产抵押
2352 US.VRTS 1 "Virtus Investment Partners, Inc."
2353 US.VRTU 1 "Virtusa Corp."
2354 US.VRTX 1 福泰制药
2355 US.VSAR 1 "Versartis, Inc."
2356 US.VSAT 1 卫讯公司
2357 US.VSEC 1 VSE技术服务
2358 US.VSTM 1 "Verastem, Inc."
2359 US.VTGN 1 "VistaGen Therapeutics, Inc."
2360 US.VTL 1 "Vital Therapies, Inc."
2361 US.VTNR 1 "Vertex Energy, Inc."
2362 US.VTVT 1 "VTV THERAPEUTICS INC."
2363 US.VUZI 1 "Vuzix Corp."
2364 US.VVUS 1 "VIVUS, Inc."
2365 US.VYGR 1 "VOYAGER THERAPEUTICS"
2366 US.WABC 1 "Westamerica Bancorp"
2367 US.WAFD 1 "Washington Federal, Inc."
2368 US.WASH 1 "Washington Trust Bancorp, Inc."
2369 US.WATT 1 "Energous Corp."
2370 US.WAYN 1 "Wayne Savings Bancshares, Inc."
2371 US.WB 1 微博
2372 US.WBA 1 "Walgreens Boots Alliance, Inc."
2373 US.WBB 1 "Westbury Bancorp, Inc."
2374 US.WBKC 1 "Wolverine Bancorp"
2375 US.WCFB 1 "WCF Bancorp, Inc."
2376 US.WCST 1 "Wecast Network, Inc."
2377 US.WDC 1 西部数据
2378 US.WDFC 1 "WD-40 Co."
2379 US.WEB 1 "Web.com Group, Inc."
2380 US.WEBK 1 "Wellesley Bancorp, Inc."
2381 US.WEN 1 温迪
2382 US.WERN 1 沃纳企业公司
2383 US.WETF 1 "WisdomTree Investments, Inc."
2384 US.WEYS 1 "Weyco Group, Inc."
2385 US.WFBI 1 "WashingtonFirst Bankshares, Inc."
2386 US.WGBS 1 "WaferGen Bio-systems, Inc."
2387 US.WHLM 1 "Wilhelmina International, Inc."
2388 US.WHLR 1 "Wheeler Real Estate Investment Trust, Inc."
2389 US.WIFI 1 "Boingo Wireless, Inc."
2390 US.WILC 1 "G. Willi Food International Ltd."
2391 US.WILN 1 "Wi-Lan Inc"
2392 US.WIN 1 气流通讯公司
2393 US.WINA 1 威玛克工贸有限公司
2394 US.WING 1 "WINGSTOP INC."
2395 US.WINS 1 稳盛金融
2396 US.WINT 1 "Windtree Therapeutics Inc"
2397 US.WIRE 1 "Encore Wire Corp. (Delaware)"
2398 US.WIX 1 "Wix.com Ltd."
2399 US.WKHS 1 "Workhorse Group, Inc."
2400 US.WLB 1 "Westmoreland Coal Co."
2401 US.WLDN 1 "Willdan Group, Inc."
2402 US.WLFC 1 "Willis Lease Finance Corp."
2403 US.WLTW 1 "Willis Group Holdings"
2404 US.WMGI 1 "Wright Medical Group NV"
2405 US.WMIH 1 "WMIH Corp."
2406 US.WNEB 1 "Western New England Bancorp, Inc."
2407 US.WPCS 1 "WPCS International, Inc."
2408 US.WPPGY 1 "WPP plc"
2409 US.WPRT 1 "Westport Fuel Systems, Inc."
2410 US.WRLD 1 "World Acceptance Corp."
2411 US.WSBC 1 "WesBanco, Inc."
2412 US.WSBF 1 "Waterstone Financial, Inc."
2413 US.WSCI 1 "WSI Industries, Inc."
2414 US.WSFS 1 "WSFS Financial Corp."
2415 US.WSTG 1 "Wayside Technology Group, Inc."
2416 US.WSTL 1 "Westell Technologies, Inc."
2417 US.WTBA 1 "West Bancorp, Inc."
2418 US.WTFC 1 "Wintrust Financial Corp."
2419 US.WVE 1 "WAVE LIFE SCIENCES P"
2420 US.WVFC 1 "WVS Financial Corp."
2421 US.WVVI 1 "Willamette Valley Vineyards, Inc."
2422 US.WWD 1 "Woodward, Inc."
2423 US.WYIG 1 "JM Global Holding Co."
2424 US.WYNN 1 永利度假村
2425 US.XBIO 1 "Xenetic Biosciences, Inc."
2426 US.XBIT 1 Xbiotech
2427 US.XBKS 1 "Xenith Bankshares, Inc."
2428 US.XCRA 1 "Xcerra Corp."
2429 US.XELB 1 "XCel Brands, Inc."
2430 US.XENE 1 "Xenon Pharmaceuticals"
2431 US.XENT 1 "Intersect ENT"
2432 US.XGTI 1 "xG Technology, Inc."
2433 US.XLNX 1 赛灵思
2434 US.XLRN 1 "Acceleron Pharma, Inc."
2435 US.XNCR 1 "Xencor, Inc."
2436 US.XNET 1 迅雷
2437 US.XOG 1 "Extraction Oil & Gas"
2438 US.XOMA 1 标记临床研究
2439 US.XONE 1 "The ExOne Co."
2440 US.XPER 1 "Tessera Holding Corporation"
2441 US.XPLR 1 "Xplore Technologies Corp."
2442 US.XRAY 1 登士柏国际
2443 US.XTLB 1 "XTL Biopharmaceuticals Ltd."
2444 US.YECO 1 "YULONG ECO-MATERIALS LTD"
2445 US.YHOO 1 雅虎
2446 US.YIN 1 银科控股
2447 US.YNDX 1 Yandex
2448 US.YORW 1 "York Water Co."
2449 US.YRCW 1 耶路全球
2450 US.YTRA 1 "Yatra Online Inc"
2451 US.YY 1 欢聚时代
2452 US.Z 1 "Zillow Group, Inc."
2453 US.ZAGG 1 "Zagg, Inc."
2454 US.ZAIS 1 "ZAIS Group Holdings, Inc."
2455 US.ZBRA 1 美国斑马技术有限公司
2456 US.ZEUS 1 "Olympic Steel, Inc."
2457 US.ZFGN 1 Zafgen
2458 US.ZG 1 "Zillow Group, Inc.- Class A"
2459 US.ZGNX 1 "Zogenix, Inc."
2460 US.ZION 1 锡安银行
2461 US.ZIOP 1 "ZIOPHARM Oncology, Inc."
2462 US.ZIXI 1 "Zix Corp."
2463 US.ZN 1 锡安石油和天然气
2464 US.ZNGA 1 Zynga
2465 US.ZSAN 1 "Zosano Pharma Corp."
2466 US.ZUMZ 1 "Zumiez, Inc."
2467 US.ZYNE 1 "ZYNERBA PHARMACEUTICALS, INC."
